Symbol,Sector
20MICRONS,Chemicals
21STCENMGM,Financial Services
360ONE,Financial Services
3IINFOLTD,Information Technology
3MINDIA,Diversified
3PLAND,Realty
5PAISA,Financial Services
63MOONS,Information Technology
A2ZINFRA,Construction
AAATECH,Information Technology
AADHARHFC,Financial Services
AAKAAR,OTHER
AAKASH,Healthcare
AARADHYA,OTHER
AAREYDRUGS,Healthcare
AARON,Capital Goods
AARTECH,Capital Goods
AARTIDRUGS,Healthcare
AARTIIND,Chemicals
AARTIPHARM,Healthcare
AARTISURF,Chemicals
AARVI,Industrial Products
AATMAJ,OTHER
AAVAS,Financial Services
ABAN,Oil Gas & Consumable Fuels
ABB,Capital Goods
ABBOTINDIA,Healthcare
ABCAPITAL,Financial Services
ABCOTS,Textiles
ABDL,Fast Moving Consumer Goods
ABFRL,Consumer Services
ABHAPOWER,OTHER
ABINFRA,Construction
ABLBL,Consumer Services
ABMINTLLTD,Capital Goods
ABREL,Forest Materials
ABSLAMC,Financial Services
ABSMARINE,OTHER
ACC,Construction Materials
ACCELYA,IT - Software
ACCENTMIC,OTHER
ACCORD,OTHER
ACCPL,OTHER
ACCURACY,Services
ACE,Capital Goods
ACEINTEG,Information Technology
ACI,Chemicals
ACL,Construction Materials
ACMESOLAR,Power
ACTIVEINFR,OTHER
ACUTAAS,Healthcare
ADANIENSOL,Power
ADANIENT,Metals & Mining
ADANIGREEN,Power
ADANIPORTS,Services
ADANIPOWER,Power
ADFFOODS,Consumer Food
ADL,Consumer Durables
ADOR,Capital Goods
ADROITINFO,Information Technology
ADSL,Information Technology
ADVANCE,Chemicals
ADVANIHOTR,Consumer Services
ADVENTHTL,Consumer Services
ADVENZYMES,Healthcare
AEGISLOG,Oil Gas & Consumable Fuels
AEGISVOPAK,Oil Gas & Consumable Fuels
AEROENTER,Capital Goods
AEROFLEX,Capital Goods
AERON,OTHER
AERONEU,Capital Goods
AESTHETIK,OTHER
AETHER,Chemicals
AFCONS,Construction
AFFLE,Information Technology
AFFORDABLE,Capital Goods
AFIL,Financial Services
AFSL,Financial Services
AGARIND,Logistics
AGARWALEYE,Healthcare
AGARWALFT,OTHER
AGARWALTUF,OTHER
AGI,Capital Goods
AGIIL,Construction
AGNI,OTHER
AGRITECH,Agriculture
AGROPHOS,Fertilizers
AGSTRA,Information Technology
AGUL,OTHER
AHCL,OTHER
AHIMSA,OTHER
AHLADA,Diversified
AHLEAST,Consumer Services
AHLUCONT,Construction
AIAENG,Capital Goods
AIIL,Financial Services
AILIMITED,OTHER
AIMTRON,OTHER
AIRAN,Information Technology
AIROLAM,Consumer Durables
AISL,OTHER
AJANTPHARM,Healthcare
AJAXENGG,Capital Goods
AJMERA,Realty
AJOONI,Healthcare
AKANKSHA,OTHER
AKASH,Construction
AKG,Textiles
AKI,Capital Goods
AKIKO,OTHER
AKSHAR,Textiles
AKSHARCHEM,Chemicals
AKSHOPTFBR,Telecommunication
AKUMS,Healthcare
AKZOINDIA,Consumer Durables
ALANKIT,Finance - Others
ALBERTDAVD,Healthcare
ALCODIS,OTHER
ALEMBICLTD,Health Technology
ALICON,Producer Manufacturing
ALIVUS,Healthcare
ALKALI,Chemicals
ALKEM,Healthcare
ALKYLAMINE,Chemicals
ALLCARGO,Services
ALLDIGI,OTHER
ALLETEC,OTHER
ALLTIME,OTHER
ALMONDZ,Finance
ALOKINDS,Textiles
ALPA,Health Technology
ALPEXSOLAR,OTHER
ALPHAGEO,Industrial Services
ALPSINDUS,Process Industries
ALUWIND,OTHER
AMANTA,OTHER
AMBANIORGO,OTHER
AMBER,Consumer Durables
AMBEY,OTHER
AMBICAAGAR,OTHER
AMBIKCO,Process Industries
AMBUJACEM,Construction Materials
AMCL,OTHER
AMDIND,Producer Manufacturing
AMEYA,OTHER
AMIABLE,OTHER
AMJLAND,Finance
AMJUMBO,OTHER
AMNPLST,Process Industries
AMRUTANJAN,Health Technology
ANANDRATHI,Financial Services
ANANTRAJ,Realty
ANDHRAPAP,Process Industries
ANDHRSUGAR,OTHER
ANGELONE,Financial Services
ANIKINDS,Distribution Services
ANKITMETAL,Non-Energy Minerals
ANLON,OTHER
ANMOL,Distribution Services
ANNAPURNA,OTHER
ANONDITA,OTHER
ANSALAPI,OTHER
ANTELOPUS,OTHER
ANTGRAPHIC,Process Industries
ANTHEM,OTHER
ANUHPHR,Health Technology
ANUP,Capital Goods
ANURAS,Chemicals
ANYA,OTHER
APARINDS,Capital Goods
APCL,Non-Energy Minerals
APCOTEXIND,Process Industries
APEX,Consumer Non-Durables
APEXECO,OTHER
APLAPOLLO,Capital Goods
APLLTD,Healthcare
APOLLO,Healthcare
APOLLOHOSP,Healthcare
APOLLOPIPE,Finance
APOLLOTYRE,Automobile and Auto Components
APOLSINHOT,OTHER
APRAMEYA,OTHER
APS,OTHER
APTECHT,Commercial Services
APTUS,Financial Services
ARABIAN,OTHER
ARCHIDPLY,Producer Manufacturing
ARCHIES,Retail Trade
ARCIIL,OTHER
ARE&M,Automobile and Auto Components
ARENTERP,Non-Energy Minerals
ARFIN,Non-Energy Minerals
ARHAM,OTHER
ARIES,Process Industries
ARIHANTACA,OTHER
ARIHANTCAP,Finance
ARIHANTSUP,OTHER
ARISINFRA,OTHER
ARISTO,OTHER
ARKADE,OTHER
ARMANFIN,Finance
AROGRANITE,Non-Energy Minerals
ARROWGREEN,Process Industries
ARSHIYA,Commercial Services
ARSSBL,OTHER
ARTEMISMED,OTHER
ARTNIRMAN,Consumer Durables
ARUNAYA,OTHER
ARVEE,OTHER
ARVIND,Textiles
ARVINDFASN,Consumer Services
ARVINDPORT,OTHER
ARVSMART,Finance
ASAHIINDIA,Automobile and Auto Components
ASAHISONG,Process Industries
ASAL,Automobile and Auto Components
ASALCBR,OTHER
ASCOM,OTHER
ASHALOG,OTHER
ASHAPURMIN,Non-Energy Minerals
ASHIANA,Finance
ASHIMASYN,Process Industries
ASHOKA,Construction
ASHOKAMET,Producer Manufacturing
ASHOKLEY,Capital Goods
ASIANENE,Oil & Gas
ASIANHOTNR,Consumer Services
ASIANPAINT,Consumer Durables
ASIANTILES,Producer Manufacturing
ASKAUTOLTD,Automobile and Auto Components
ASLIND,OTHER
ASMS,Electronic Technology
ASPINWALL,OTHER
ASPIRE,OTHER
ASTEC,Process Industries
ASTERDM,Healthcare
ASTRAL,Capital Goods
ASTRAMICRO,Capital Goods
ASTRAZEN,Healthcare
ASTRON,OTHER
ATALREAL,Realty
ATAM,Producer Manufacturing
ATCENERGY,OTHER
ATGL,Oil Gas & Consumable Fuels
ATHERENERG,Automobile and Auto Components
ATL,Transportation
ATL-RE,OTHER
ATLANTAA,Industrial Services
ATLANTAELE,OTHER
ATLASCYCLE,OTHER
ATMASTCO,OTHER
ATUL,Chemicals
ATULAUTO,Consumer Durables
AUBANK,Financial Services
AURIGROW,OTHER
AURIONPRO,Information Technology
AUROIMPEX,OTHER
AUROPHARMA,Healthcare
AURUM,Technology Services
AUSL,OTHER
AUSOMENT,Finance
AUTOAXLES,Producer Manufacturing
AUTOIND,Producer Manufacturing
AVADHSUGAR,Process Industries
AVALON,Capital Goods
AVANTEL,Electronic Technology
AVANTIFEED,Fast Moving Consumer Goods
AVG,Transportation
AVIANSH,OTHER
AVL,Retail Trade
AVONMORE,OTHER
AVPINFRA,OTHER
AVROIND,Consumer Durables
AVSL,OTHER
AVTNPL,Consumer Non-Durables
AWFIS,Services
AWHCL,OTHER
AWL,Fast Moving Consumer Goods
AXISBANK,Financial Services
AXISCADES,Commercial Services
AXITA,Process Industries
AYMSYNTEX,Process Industries
AZAD,Capital Goods
BABAFP,OTHER
BAFNAPH,Health Technology
BAGDIGITAL,OTHER
BAGFILMS,OTHER
BAHETI,OTHER
BAIDFIN,Finance
BAJAJ-AUTO,Automobile and Auto Components
BAJAJCON,Consumer Non-Durables
BAJAJELEC,Consumer Durables
BAJAJFINSV,Financial Services
BAJAJHCARE,Health Technology
BAJAJHFL,Financial Services
BAJAJHIND,Process Industries
BAJAJHLDNG,Financial Services
BAJAJINDEF,OTHER
BAJEL,Utilities
BAJFINANCE,Financial Services
BALAJEE,OTHER
BALAJIPHOS,OTHER
BALAJITELE,Consumer Services
BALAMINES,Chemicals
BALAXI,OTHER
BALCO,OTHER
BALKRISHNA,Process Industries
BALKRISIND,Automobile and Auto Components
BALMLAWRIE,Producer Manufacturing
BALPHARMA,Health Technology
BALRAMCHIN,Fast Moving Consumer Goods
BALUFORGE,Capital Goods
BANARBEADS,Consumer Durables
BANARISUG,Process Industries
BANCOINDIA,Automobile and Auto Components
BANDHANBNK,Financial Services
BANG,Retail Trade
BANKA,Industrial Services
BANKBARODA,Financial Services
BANKINDIA,Financial Services
BANSALWIRE,OTHER
BANSWRAS,Process Industries
BARFLEX,OTHER
BASF,Chemicals
BASILIC,OTHER
BASML,OTHER
BATAINDIA,Consumer Durables
BAWEJA,OTHER
BAYERCROP,Chemicals
BBL,Capital Goods
BBOX,Technology Services
BBTC,Fast Moving Consumer Goods
BBTCL,OTHER
BCG,Technology Services
BCLIND,Consumer Non-Durables
BCONCEPTS,Consumer Durables
BDL,Capital Goods
BEACON,OTHER
BEARDSELL,Process Industries
BECTORFOOD,Fast Moving Consumer Goods
BEDMUTHA,Non-Energy Minerals
BEL,Capital Goods
BELLACASA,OTHER
BELRISE,Automobile and Auto Components
BEML,Capital Goods
BEPL,Process Industries
BERGEPAINT,Consumer Durables
BESTAGRO,Process Industries
BETA,Health Technology
BEWLTD,OTHER
BFINVEST,Finance
BFUTILITIE,Industrial Services
BGRENERGY,Industrial Services
BHADORA,OTHER
BHAGCHEM,OTHER
BHAGERIA,Process Industries
BHAGYANGR,Producer Manufacturing
BHANDARI,Consumer Non-Durables
BHARATFORG,Automobile and Auto Components
BHARATGEAR,Producer Manufacturing
BHARATRAS,Process Industries
BHARATSE,Producer Manufacturing
BHARATWIRE,Producer Manufacturing
BHARTIARTL,Telecommunication
BHARTIHEXA,Telecommunication
BHEL,Capital Goods
BIGBLOC,Non-Energy Minerals
BIKAJI,Fast Moving Consumer Goods
BIKEWO,OTHER
BIL,Consumer Non-Durables
BILVYAPAR,OTHER
BIOCON,Healthcare
BIOFILCHEM,OTHER
BIRDYS,OTHER
BIRLACABLE,Producer Manufacturing
BIRLACORPN,Construction Materials
BIRLAMONEY,Finance
BIRLANU,OTHER
BLACKBUCK,Services
BLAL,Finance
BLBLIMITED,Finance
BLISSGVS,Health Technology
BLKASHYAP,Industrial Services
BLS,Consumer Services
BLSE,Technology Services
BLUECOAST,Consumer Services
BLUEDART,Services
BLUEJET,Healthcare
BLUEPEBBLE,OTHER
BLUESTARCO,Consumer Durables
BLUESTONE,OTHER
BLUEWATER,OTHER
BLUSPRING,OTHER
BMETRICS,OTHER
BMWVENTLTD,OTHER
BODALCHEM,Process Industries
BOHRAIND,Process Industries
BOMDYEING,Process Industries
BORANA,OTHER
BOROLTD,Producer Manufacturing
BORORENEW,Capital Goods
BOROSCI,OTHER
BOSCHLTD,Automobile and Auto Components
BOSS,OTHER
BPCL,Oil Gas & Consumable Fuels
BPL,Electronic Technology
BRACEPORT,OTHER
BRIGADE,Realty
BRIGHOTEL,OTHER
BRITANNIA,Fast Moving Consumer Goods
BRNL,Industrial Services
BROOKS,Health Technology
BSE,Financial Services
BSHSL,Process Industries
BSL,Process Industries
BSOFT,Information Technology
BTML,Consumer Services
BULKCORP,OTHER
BUTTERFLY,OTHER
BVCL,Non-Energy Minerals
BYKE,Consumer Services
C2C,OTHER
CADSYS,OTHER
CALSOFT,Technology Services
CAMLINFINE,Process Industries
CAMPUS,Consumer Durables
CAMS,Financial Services
CANARYS,OTHER
CANBK,Financial Services
CANFINHOME,Financial Services
CANHLIFE,OTHER
CANTABIL,Consumer Non-Durables
CAPACITE,OTHER
CAPILLARY,OTHER
CAPITALSFB,Finance
CAPLIPOINT,Healthcare
CAPTRUST,Finance
CARBORUNIV,Capital Goods
CARERATING,Commercial Services
CARRARO,OTHER
CARTRADE,Consumer Services
CARYSIL,Consumer Durables
CASTROLIND,Oil Gas & Consumable Fuels
CBAZAAR,OTHER
CCCL,OTHER
CCHHL,OTHER
CCL,Fast Moving Consumer Goods
CDSL,Financial Services
CEATLTD,Automobile and Auto Components
CEDAAR,OTHER
CEIGALL,Construction
CELEBRITY,Consumer Non-Durables
CELLECOR,OTHER
CELLO,Consumer Durables
CELLPOINT,OTHER
CEMPRO,Construction
CENTENKA,Process Industries
CENTEXT,Producer Manufacturing
CENTRALBK,Financial Services
CENTRUM,Finance
CENTUM,Electronic Technology
CENTURYPLY,Consumer Durables
CERA,Consumer Durables
CEREBRAINT,OTHER
CESC,Power
CEWATER,OTHER
CGCL,Financial Services
CGPOWER,Capital Goods
CGRAPHICS,OTHER
CHALET,Consumer Services
CHAMBLFERT,Chemicals
CHAMUNDA,OTHER
CHANDAN,OTHER
CHAVDA,OTHER
CHEMBOND,OTHER
CHEMBONDCH,Process Industries
CHEMCON,OTHER
CHEMFAB,Process Industries
CHEMPLASTS,Process Industries
CHENNPETRO,Oil Gas & Consumable Fuels
CHETANA,OTHER
CHEVIOT,Process Industries
CHOICEIN,Financial Services
CHOLAFIN,Financial Services
CHOLAHLDNG,Financial Services
CIEINDIA,Automobile and Auto Components
CIFL,Finance
CIGNITITEC,Information Technology
CINELINE,Consumer Services
CINEVISTA,Consumer Services
CIPLA,Healthcare
CLASSICEIL,OTHER
CLEAN,Chemicals
CLEDUCATE,Commercial Services
CLSEL,Process Industries
CLSL,OTHER
CMNL,OTHER
CMRSL,OTHER
CMSINFO,Services
COALINDIA,Oil Gas & Consumable Fuels
COASTCORP,Transportation
COCHINSHIP,Capital Goods
COFFEEDAY,Consumer Services
COFORGE,Information Technology
COHANCE,Healthcare
COLPAL,Fast Moving Consumer Goods
COMMITTED,OTHER
COMPINFO,Technology Services
COMPUSOFT,Technology Services
COMSYN,Process Industries
CONCOR,Services
CONCORDBIO,Healthcare
CONFIPET,Retail Trade
CONNPLEX,OTHER
CONSOFINVT,OTHER
CONTI,OTHER
CONTROLPR,Electronic Technology
COOLCAPS,OTHER
CORALFINAC,Finance
CORDSCABLE,Producer Manufacturing
COROMANDEL,Chemicals
COSMOFIRST,Process Industries
COUNCODOS,Finance
CPCAP,OTHER
CPEDU,OTHER
CPPLUS,OTHER
CPS,OTHER
CRAFTSMAN,Automobile and Auto Components
CRAMC,OTHER
CRAYONS,OTHER
CREATIVE,OTHER
CREATIVEYE,Consumer Services
CREDITACC,Financial Services
CREST,Finance
CRISIL,Financial Services
CRIZAC,OTHER
CROMPTON,Consumer Durables
CROWN,Finance
CSBBANK,Financial Services
CSLFINANCE,Finance
CTE,OTHER
CUB,Financial Services
CUBEXTUB,Non-Energy Minerals
CUDML,OTHER
CUMMINSIND,Capital Goods
CUPID,Consumer Non-Durables
CURAA,OTHER
CURIS,OTHER
CURRENT,OTHER
CYBERMEDIA,Consumer Services
CYBERTECH,Technology Services
CYIENT,Information Technology
CYIENTDLM,Capital Goods
DABUR,Fast Moving Consumer Goods
DALBHARAT,Construction Materials
DALMIASUG,OTHER
DAMCAPITAL,OTHER
DAMODARIND,Process Industries
DANGEE,Consumer Non-Durables
DANISH,OTHER
DATAMATICS,Information Technology
DATAPATTNS,Capital Goods
DAVANGERE,OTHER
DBCORP,Consumer Services
DBEIL,OTHER
DBL,Construction
DBOL,Process Industries
DBREALTY,Consumer Services
DBSTOCKBRO,OTHER
DCAL,Healthcare
DCBBANK,Financial Services
DCCL,OTHER
DCG,OTHER
DCI,Electronic Technology
DCM,Technology Services
DCMFINSERV,Finance
DCMNVL,Process Industries
DCMSHRIRAM,Diversified
DCMSRIND,Process Industries
DCW,Process Industries
DCXINDIA,Producer Manufacturing
DDEVPLSTIK,OTHER
DECCANCE,Non-Energy Minerals
DECCANTRAN,OTHER
DEEDEV,OTHER
DEEM,OTHER
DEEPAKFERT,Chemicals
DEEPAKNTR,Chemicals
DEEPINDS,Industrial Services
DELAPLEX,OTHER
DELHIVERY,Services
DELPHIFX,Finance
DELTACORP,Consumer Services
DELTAMAGNT,Producer Manufacturing
DELTIC,OTHER
DEN,Consumer Services
DENEERS,OTHER
DENORA,Electronic Technology
DENTA,OTHER
DENTALKART,OTHER
DESTINY,OTHER
DEVIT,OTHER
DEVX,OTHER
DEVYANI,Consumer Services
DGCONTENT,Commercial Services
DHAMPURSUG,Process Industries
DHANBANK,Finance
DHANLAXMI,OTHER
DHANUKA,Chemicals
DHARAN,OTHER
DHARIWAL,OTHER
DHARMAJ,Process Industries
DHRUV,OTHER
DHTL,OTHER
DHUNINV,Process Industries
DIACABS,Capital Goods
DIAMINESQ,Process Industries
DIAMONDYD,Consumer Non-Durables
DICIND,Process Industries
DIFFNKG,OTHER
DIGIDRIVE,Retail Trade
DIGIKORE,OTHER
DIGISPICE,Technology Services
DIGITIDE,OTHER
DIL,Producer Manufacturing
DISHTV,Communications
DIVGIITTS,OTHER
DIVINEHIRA,OTHER
DIVISLAB,Healthcare
DIVYADHAN,OTHER
DIXON,Consumer Durables
DJML,OTHER
DKEGL,OTHER
DLF,Realty
DLINKINDIA,Electronic Technology
DMART,Consumer Services
DMCC,Process Industries
DNAMEDIA,OTHER
DODLA,Fast Moving Consumer Goods
DOLATALGO,Finance
DOLLAR,Consumer Non-Durables
DOLLEX,OTHER
DOLPHIN,Industrial Services
DOMS,Fast Moving Consumer Goods
DONEAR,Process Industries
DPABHUSHAN,Retail Trade
DPEL,OTHER
DPSCLTD,Utilities
DPWIRES,Producer Manufacturing
DRCSYSTEMS,Technology Services
DREAMFOLKS,Transportation
DREDGECORP,Transportation
DRL,OTHER
DRONE,OTHER
DRREDDY,Healthcare
DRSCARGO,OTHER
DRSDILIP,OTHER
DSSL,OTHER
DTIL,Process Industries
DTL,OTHER
DUCOL,OTHER
DUCON,Distribution Services
DUGLOBAL,OTHER
DURLAX,OTHER
DVL,Consumer Non-Durables
DWARKESH,Process Industries
DYCL,Producer Manufacturing
DYNAMATECH,Capital Goods
DYNAMIC,OTHER
DYNPRO,Consumer Non-Durables
E2E,Technology Services
EASEMYTRIP,Consumer Services
EBGNG,OTHER
ECLERX,Services
ECOLINE,OTHER
ECOSMOBLTY,OTHER
EDELWEISS,Financial Services
EEPL,OTHER
EFACTOR,OTHER
EFCIL,Distribution Services
EFFWA,OTHER
EFORCE,OTHER
EICHERMOT,Automobile and Auto Components
EIDPARRY,Fast Moving Consumer Goods
EIEL,Utilities
EIFFL,OTHER
EIHAHOTELS,Consumer Services
EIHOTEL,Consumer Services
EIMCOELECO,Producer Manufacturing
EKC,Producer Manufacturing
ELDEHSG,OTHER
ELECON,Capital Goods
ELECTCAST,Capital Goods
ELECTHERM,Non-Energy Minerals
ELGIEQUIP,Capital Goods
ELGIRUBCO,Producer Manufacturing
ELGNZ,OTHER
ELIN,Electronic Technology
ELLEN,OTHER
EMAMILTD,Fast Moving Consumer Goods
EMAMIPAP,Process Industries
EMAMIREAL,Finance
EMAPARTNER,OTHER
EMBDL,Realty
EMCURE,Healthcare
EMIL,Consumer Services
EMKAY,OTHER
EMKAYTOOLS,OTHER
EMMBI,Process Industries
EMMIL,OTHER
EMMVEE,OTHER
EMSLIMITED,Industrial Services
EMUDHRA,Information Technology
ENDURANCE,Automobile and Auto Components
ENERGYDEV,Utilities
ENFUSE,OTHER
ENGINERSIN,Construction
ENIL,Consumer Services
ENRIN,Capital Goods
ENSER,OTHER
ENTERO,Consumer Services
ENVIRO,OTHER
EPACK,Producer Manufacturing
EPACKPEB,OTHER
EPIGRAL,Chemicals
EPL,Capital Goods
EQUIPPP,OTHER
EQUITASBNK,Financial Services
ERIS,Healthcare
ESABINDIA,Producer Manufacturing
ESAFSFB,Finance
ESCONET,OTHER
ESCORTS,Capital Goods
ESFL,OTHER
ESPRIT,OTHER
ESSARSHPNG,Transportation
ESSENTIA,Consumer Non-Durables
ESTER,Process Industries
ETERNAL,Consumer Services
ETHOSLTD,Consumer Durables
ETL,OTHER
ETML,OTHER
EUREKAFORB,Consumer Durables
EUROBOND,OTHER
EUROPRATIK,OTHER
EVEREADY,Producer Manufacturing
EVERESTIND,Distribution Services
EXCEL,Commercial Services
EXCELINDUS,Process Industries
EXCELLENT,OTHER
EXICOM,Producer Manufacturing
EXIDEIND,Automobile and Auto Components
EXPLEOSOL,Technology Services
EXXARO,Producer Manufacturing
FABTECH,OTHER
FACT,Chemicals
FAIRCHEMOR,Process Industries
FALCONTECH,OTHER
FAZE3Q,Process Industries
FCL,Process Industries
FCSSOFT,Commercial Services
FDC,Healthcare
FEDERALBNK,Financial Services
FEDFINA,OTHER
FEL,Process Industries
FELDVR,Process Industries
FELIX,OTHER
FIBERWEB,Producer Manufacturing
FIDEL,OTHER
FIEMIND,Automobile and Auto Components
FILATEX,Process Industries
FILATFASH,Process Industries
FINBUD,OTHER
FINCABLES,Capital Goods
FINEORG,Chemicals
FINKURVE,OTHER
FINOPB,Finance
FINPIPE,Capital Goods
FIRSTCRY,Consumer Services
FISCHER,OTHER
FIVESTAR,Financial Services
FLAIR,OTHER
FLEXITUFF,OTHER
FLFL,Retail Trade
FLUOROCHEM,Chemicals
FLYSBS,OTHER
FMGOETZE,OTHER
FMNL,Transportation
FOCE,OTHER
FOCUS,OTHER
FONEBOX,OTHER
FOODSIN,Consumer Non-Durables
FORCAS,OTHER
FORCEMOT,Automobile and Auto Components
FORGEAUTO,OTHER
FORTIS,Healthcare
FOSECOIND,Process Industries
FRESHARA,OTHER
FROG,OTHER
FSL,Services
FUSION,OTHER
GABRIEL,Automobile and Auto Components
GAEL,Fast Moving Consumer Goods
GAIL,Oil Gas & Consumable Fuels
GAJANAND,OTHER
GALAPREC,OTHER
GALAXYSURF,Consumer Non-Durables
GALLANTT,Capital Goods
GANDHAR,OTHER
GANDHITUBE,Non-Energy Minerals
GANECOS,Textiles
GANESHBE,Process Industries
GANESHCP,OTHER
GANESHHOU,Realty
GANESHIN,OTHER
GANGABATH,OTHER
GANGAFORGE,Producer Manufacturing
GANGESSECU,Finance
GARFIBRES,Textiles
GARUDA,OTHER
GATECH,Finance
GATECHDVR,Finance
GATEWAY,Services
GAYAHWS,Industrial Services
GCHOTELS,OTHER
GCSL,OTHER
GEECEE,Finance
GEEKAYWIRE,Non-Energy Minerals
GEMAROMA,OTHER
GENCON,OTHER
GENESYS,OTHER
GENSOL,Industrial Services
GENUSPAPER,Process Industries
GENUSPOWER,OTHER
GEOJITFSL,OTHER
GESHIP,Services
GFLLIMITED,Consumer Services
GGBL,OTHER
GHCL,Chemicals
GHCLTEXTIL,Process Industries
GICHSGFIN,Finance
GICL,OTHER
GICRE,Financial Services
GILLANDERS,Consumer Non-Durables
GILLETTE,Fast Moving Consumer Goods
GINNIFILA,Process Industries
GIPCL,OTHER
GIRIRAJ,OTHER
GKENERGY,OTHER
GKWLIMITED,Transportation
GLAND,Healthcare
GLAXO,Healthcare
GLENMARK,Healthcare
GLOBAL,Commercial Services
GLOBALE,OTHER
GLOBALPET,OTHER
GLOBALVECT,Industrial Services
GLOBE,OTHER
GLOBECIVIL,OTHER
GLOBUSSPR,Consumer Non-Durables
GLOSTERLTD,Process Industries
GLOTTIS,OTHER
GMBREW,Consumer Non-Durables
GMDCLTD,Metals & Mining
GML,OTHER
GMMPFAUDLR,Capital Goods
GMRAIRPORT,Services
GMRP&UI,Power
GNA,Producer Manufacturing
GNFC,Chemicals
GOACARBON,Process Industries
GOCLCORP,Process Industries
GOCOLORS,Consumer Non-Durables
GODAVARIB,OTHER
GODFRYPHLP,Fast Moving Consumer Goods
GODIGIT,Financial Services
GODREJAGRO,Fast Moving Consumer Goods
GODREJCP,Fast Moving Consumer Goods
GODREJIND,Diversified
GODREJPROP,Realty
GOKEX,Textiles
GOKUL,OTHER
GOKULAGRO,Process Industries
GOLDENTOBC,Finance
GOLDIAM,Consumer Durables
GOLDKART,OTHER
GOLDSTAR,OTHER
GOLDTECH,Technology Services
GOODLUCK,Non-Energy Minerals
GOPAL,Consumer Non-Durables
GOYALALUM,Distribution Services
GOYALSALT,OTHER
GPECO,OTHER
GPIL,Capital Goods
GPPL,Services
GPTHEALTH,Health Services
GPTINFRA,Industrial Services
GRANULES,Healthcare
GRAPHISAD,OTHER
GRAPHITE,Capital Goods
GRASIM,Construction Materials
GRAVITA,Metals & Mining
GRCL,OTHER
GREAVESCOT,Capital Goods
GREENCHEF,OTHER
GREENLAM,Non-Energy Minerals
GREENLEAF,OTHER
GREENPANEL,Consumer Durables
GREENPLY,Producer Manufacturing
GREENPOWER,Utilities
GRETEX,OTHER
GRINDWELL,Process Industries
GRINFRA,Construction
GRMOVER,Process Industries
GROBTEA,OTHER
GROWW,OTHER
GRPLTD,Producer Manufacturing
GRSE,Capital Goods
GRWRHITECH,Capital Goods
GSFC,Chemicals
GSLSU,Non-Energy Minerals
GSMFOILS,OTHER
GSPL,Oil Gas & Consumable Fuels
GSS,Technology Services
GSTL,OTHER
GTECJAINX,Commercial Services
GTL,Technology Services
GTLINFRA,Industrial Services
GTPL,Communications
GUFICBIO,Health Technology
GUJALKALI,OTHER
GUJAPOLLO,Producer Manufacturing
GUJGASLTD,Oil Gas & Consumable Fuels
GUJRAFFIA,Producer Manufacturing
GUJTHEM,Health Technology
GULFOILLUB,Oil Gas & Consumable Fuels
GULFPETRO,Energy Minerals
GULPOLY,Consumer Non-Durables
GURUNANAK,OTHER
GVKPIL,Industrial Services
GVPIL,Industrial Services
GVPTECH,Commercial Services
GVT&D,Capital Goods
HAL,Capital Goods
HAPPSTMNDS,Information Technology
HAPPYFORGE,Producer Manufacturing
HARDWYN,Distribution Services
HARIOMPIPE,Non-Energy Minerals
HARRMALAYA,Process Industries
HARSHA,Producer Manufacturing
HATHWAY,Consumer Services
HATSUN,Consumer Non-Durables
HAVELLS,Consumer Durables
HAVISHA,OTHER
HBLENGINE,Capital Goods
HBSL,Finance
HCC,Construction
HCG,Healthcare
HCL-INSYS,Technology Services
HCLTECH,Information Technology
HDBFS,OTHER
HDFCAMC,Financial Services
HDFCBANK,Financial Services
HDFCLIFE,Financial Services
HDIL,OTHER
HEADSUP,Retail Trade
HECPROJECT,Industrial Services
HEG,Capital Goods
HEIDELBERG,Non-Energy Minerals
HEMIPROP,Services
HERANBA,Process Industries
HERCULES,Producer Manufacturing
HERITGFOOD,Fast Moving Consumer Goods
HEROMOTOCO,Automobile and Auto Components
HESTERBIO,Health Technology
HEUBACHIND,OTHER
HEXATRADEX,Distribution Services
HEXT,Information Technology
HFCL,Telecommunication
HGINFRA,Construction
HGM,OTHER
HGS,Commercial Services
HIGREEN,OTHER
HIKAL,Healthcare
HILINFRA,OTHER
HILTON,Producer Manufacturing
HIMATSEIDE,Process Industries
HINDALCO,Metals & Mining
HINDCOMPOS,Producer Manufacturing
HINDCON,Non-Energy Minerals
HINDCOPPER,Metals & Mining
HINDOILEXP,OTHER
HINDPETRO,Oil Gas & Consumable Fuels
HINDUNILVR,Fast Moving Consumer Goods
HINDWAREAP,OTHER
HINDZINC,Metals & Mining
HIRECT,Producer Manufacturing
HISARMETAL,Non-Energy Minerals
HITECH,Non-Energy Minerals
HITECHCORP,Producer Manufacturing
HITECHGEAR,Producer Manufacturing
HLEGLAS,Producer Manufacturing
HLVLTD,Consumer Services
HMAAGRO,Distribution Services
HMT,Producer Manufacturing
HMVL,Consumer Services
HNDFDS,Consumer Non-Durables
HOACFOODS,OTHER
HOLMARC,OTHER
HOMEFIRST,Financial Services
HOMESFY,OTHER
HONASA,Fast Moving Consumer Goods
HONAUT,Capital Goods
HONDAPOWER,OTHER
HPAL,Non-Energy Minerals
HPIL,Process Industries
HPL,Electronic Technology
HPTL,OTHER
HRHNEXT,OTHER
HSCL,Chemicals
HTMEDIA,Consumer Services
HUBTOWN,Finance
HUDCO,Financial Services
HUHTAMAKI,Process Industries
HVAX,OTHER
HYBRIDFIN,Finance
HYUNDAI,Automobile and Auto Components
IBLFL,OTHER
ICDSLTD,Finance
ICEMAKE,OTHER
ICICIBANK,Financial Services
ICICIGI,Financial Services
ICICIPRULI,Financial Services
ICIL,Textiles
ICRA,Commercial Services
IDBI,Financial Services
IDEA,Telecommunication
IDEAFORGE,Electronic Technology
IDEALTECHO,OTHER
IDENTICAL,OTHER
IDFCFIRSTB,Financial Services
IEML,OTHER
IEX,Financial Services
IFBAGRO,Consumer Non-Durables
IFBIND,Consumer Durables
IFCI,Financial Services
IFGLEXPOR,Producer Manufacturing
IGARASHI,Producer Manufacturing
IGCL,OTHER
IGIL,Services
IGL,Oil Gas & Consumable Fuels
IGPL,OTHER
IIFL,Financial Services
IIFLCAPS,Financial Services
IITL,OTHER
IKIO,OTHER
IKS,Information Technology
IL&FSENGG,OTHER
IL&FSTRANS,Industrial Services
IMAGICAA,Consumer Services
IMFA,Metals & Mining
IMPAL,OTHER
IMPEXFERRO,Non-Energy Minerals
INCREDIBLE,Non-Energy Minerals
INDBANK,OTHER
INDGN,Healthcare
INDHOTEL,Consumer Services
INDIACEM,Construction Materials
INDIAGLYCO,Fast Moving Consumer Goods
INDIAMART,Consumer Services
INDIANB,Financial Services
INDIANCARD,Producer Manufacturing
INDIANHUME,Producer Manufacturing
INDIASHLTR,Financial Services
INDIFRA,OTHER
INDIGO,Services
INDIGOPNTS,Consumer Durables
INDIQUBE,OTHER
INDNIPPON,Producer Manufacturing
INDOAMIN,Process Industries
INDOBORAX,Process Industries
INDOCO,Health Technology
INDOFARM,OTHER
INDORAMA,OTHER
INDOSTAR,OTHER
INDOTECH,Producer Manufacturing
INDOTHAI,Finance
INDOUS,OTHER
INDOWIND,Utilities
INDRAMEDCO,Health Services
INDSWFTLAB,Health Technology
INDTERRAIN,Consumer Non-Durables
INDUSINDBK,Financial Services
INDUSTOWER,Telecommunication
INFIBEAM,Financial Services
INFINIUM,OTHER
INFLUX,OTHER
INFOBEAN,Technology Services
INFOLLION,OTHER
INFOMEDIA,Consumer Services
INFY,Information Technology
INGERRAND,Capital Goods
INM,OTHER
INNOMET,OTHER
INNOVACAP,Healthcare
INNOVANA,Technology Services
INOXGREEN,Power
INOXINDIA,Capital Goods
INOXWIND,Capital Goods
INSECTICID,Process Industries
INSPIRE,OTHER
INSPIRISYS,Technology Services
INTEGRITY,OTHER
INTELLECT,Information Technology
INTENTECH,Technology Services
INTERARCH,OTHER
INTLCONV,Producer Manufacturing
INVENTURE,Finance
IOB,Financial Services
IOC,Oil Gas & Consumable Fuels
IOLCP,OTHER
IONEXCHANG,Utilities
IPCALAB,Healthcare
IPHL,OTHER
IPL,Process Industries
IPSL,OTHER
IRB,Construction
IRCON,Construction
IRCTC,Consumer Services
IREDA,Financial Services
IRFC,Financial Services
IRIS,Technology Services
IRISDOREME,Consumer Non-Durables
IRMENERGY,Energy Minerals
ISFT,Retail Trade
ISGEC,Construction
ISHAN,OTHER
ISHANCH,OTHER
ITALIANE,OTHER
ITC,Fast Moving Consumer Goods
ITCHOTELS,Consumer Services
ITDC,Consumer Services
ITI,Telecommunication
ITTL,OTHER
IVALUE,OTHER
IVC,Finance
IVP,Process Industries
IWARE,OTHER
IXIGO,Consumer Services
IZMO,Technology Services
J&KBANK,Financial Services
JAGRAN,Consumer Services
JAGSNPHARM,Health Technology
JAIBALAJI,Metals & Mining
JAICORPLTD,Process Industries
JAINAM,OTHER
JAINIK,OTHER
JAINREC,OTHER
JAIPURKURT,Consumer Non-Durables
JAKHARIA,OTHER
JALAN,OTHER
JAMNAAUTO,Automobile and Auto Components
JARO,OTHER
JASH,Producer Manufacturing
JAYAGROGN,Process Industries
JAYBARMARU,Distribution Services
JAYBEE,OTHER
JAYESH,OTHER
JAYNECOIND,Producer Manufacturing
JAYSREETEA,OTHER
JBCHEPHARM,Healthcare
JBMA,Automobile and Auto Components
JCHAC,Consumer Durables
JETFREIGHT,Transportation
JETKNIT,OTHER
JEYYAM,OTHER
JFLLIFE,OTHER
JGCHEM,Process Industries
JHS,OTHER
JINDALPHOT,Finance
JINDALPOLY,Process Industries
JINDALSAW,Capital Goods
JINDALSTEL,Metals & Mining
JINDRILL,OTHER
JINDWORLD,Textiles
JIOFIN,Financial Services
JISLDVREQS,Producer Manufacturing
JISLJALEQS,Capital Goods
JITFINFRA,Transportation
JIWANRAM,OTHER
JKCEMENT,Construction Materials
JKIL,Construction
JKIPL,OTHER
JKLAKSHMI,Construction Materials
JKPAPER,Forest Materials
JKTYRE,Automobile and Auto Components
JLHL,OTHER
JMA,OTHER
JMFINANCIL,Financial Services
JNKINDIA,Producer Manufacturing
JOCIL,Process Industries
JPOLYINVST,OTHER
JPPOWER,Power
JSFB,Financial Services
JSL,Metals & Mining
JSLL,OTHER
JSWCEMENT,OTHER
JSWENERGY,Power
JSWHL,Finance
JSWINFRA,Services
JSWSTEEL,Metals & Mining
JTEKTINDIA,Consumer Durables
JTLIND,Non-Energy Minerals
JUBLCPL,OTHER
JUBLFOOD,Consumer Services
JUBLINGREA,Chemicals
JUBLPHARMA,Healthcare
JUNIPER,Consumer Services
JUSTDIAL,Consumer Services
JWL,Capital Goods
JYOTHYLAB,Fast Moving Consumer Goods
JYOTICNC,Capital Goods
JYOTIGLOBL,OTHER
JYOTISTRUC,Utilities
K2INFRA,OTHER
KABRAEXTRU,OTHER
KAJARIACER,Consumer Durables
KAKATCEM,OTHER
KALAMANDIR,Retail Trade
KALANA,OTHER
KALPATARU,OTHER
KALYANI,OTHER
KALYANIFRG,Producer Manufacturing
KALYANKJIL,Consumer Durables
KAMATHOTEL,OTHER
KAMDHENU,Non-Energy Minerals
KAMOPAINTS,Process Industries
KANANIIND,Consumer Durables
KANDARP,OTHER
KANORICHEM,Process Industries
KANPRPLA,Producer Manufacturing
KANSAINER,Process Industries
KAPSTON,OTHER
KARMAENG,Utilities
KARNIKA,OTHER
KARURVYSYA,Financial Services
KATARIA,OTHER
KAUSHALYA,OTHER
KAVDEFENCE,OTHER
KAYA,Consumer Non-Durables
KAYNES,Capital Goods
KAYTEX,OTHER
KCEIL,OTHER
KCK,OTHER
KCP,Producer Manufacturing
KCPSUGIND,OTHER
KDDL,Consumer Durables
KDL,OTHER
KEC,Construction
KECL,Producer Manufacturing
KEEPLEARN,Commercial Services
KEI,Capital Goods
KEL,OTHER
KELLTONTEC,Technology Services
KEN,OTHER
KERNEX,OTHER
KESORAMIND,Non-Energy Minerals
KEYFINSERV,OTHER
KFINTECH,Financial Services
KHADIM,Consumer Non-Durables
KHAICHEM,OTHER
KHAITANLTD,Consumer Durables
KHANDSE,Finance
KHFM,OTHER
KICL,Finance
KILITCH,Health Technology
KIMS,Healthcare
KINGFA,OTHER
KIOCL,Non-Energy Minerals
KIRIINDUS,Process Industries
KIRLOSBROS,Capital Goods
KIRLOSENG,Capital Goods
KIRLOSIND,Non-Energy Minerals
KIRLPNU,Capital Goods
KITEX,Textiles
KKCL,Consumer Non-Durables
KKJEWELS,OTHER
KKVAPOW,OTHER
KLL,OTHER
KMEW,OTHER
KMSUGAR,Process Industries
KNAGRI,OTHER
KNRCON,Construction
KODYTECH,OTHER
KOHINOOR,Process Industries
KOKUYOCMLN,Consumer Durables
KOLTEPATIL,Finance
KONSTELEC,OTHER
KONTOR,OTHER
KOPRAN,Health Technology
KORE,OTHER
KOTAKBANK,Financial Services
KOTARISUG,OTHER
KOTHARIPET,OTHER
KOTHARIPRO,Distribution Services
KOTYARK,OTHER
KPEL,Utilities
KPIGREEN,Power
KPIL,Construction
KPITTECH,Information Technology
KPRMILL,Textiles
KRBL,Fast Moving Consumer Goods
KREBSBIO,OTHER
KRIDHANINF,Non-Energy Minerals
KRISHANA,Process Industries
KRISHCA,OTHER
KRISHIVAL,OTHER
KRISHNADEF,OTHER
KRITI,Producer Manufacturing
KRITIKA,Producer Manufacturing
KRITINUT,Process Industries
KRN,Capital Goods
KRONOX,OTHER
KROSS,OTHER
KRSNAA,Health Services
KRYSTAL,OTHER
KSB,Capital Goods
KSCL,Fast Moving Consumer Goods
KSHITIJPOL,Process Industries
KSL,Capital Goods
KSOLVES,Technology Services
KTKBANK,Financial Services
KUANTUM,Process Industries
LAGNAM,Process Industries
LAKPRE,Producer Manufacturing
LAKSHYA,OTHER
LAL,Consumer Non-Durables
LALPATHLAB,Healthcare
LAMBODHARA,Process Industries
LAMOSAIC,OTHER
LANCORHOL,Finance
LANDMARK,Retail Trade
LAOPALA,Consumer Durables
LASA,Health Technology
LATENTVIEW,Information Technology
LATTEYS,Producer Manufacturing
LAURUSLABS,Healthcare
LAWSIKHO,OTHER
LAXMICOT,Process Industries
LAXMIDENTL,OTHER
LAXMIINDIA,OTHER
LCCINFOTEC,Technology Services
LEMERITE,OTHER
LEMONTREE,Consumer Services
LENSKART,OTHER
LEXUS,Producer Manufacturing
LFIC,OTHER
LGBBROSLTD,OTHER
LGEINDIA,OTHER
LGHL,Consumer Durables
LIBAS,OTHER
LIBERTSHOE,Consumer Non-Durables
LICHSGFIN,Financial Services
LICI,Financial Services
LIKHITHA,OTHER
LINC,Consumer Non-Durables
LINCOLN,Health Technology
LINDEINDIA,Chemicals
LLOYDS,OTHER
LLOYDSENGG,Capital Goods
LLOYDSENT,Metals & Mining
LLOYDSME,Metals & Mining
LMW,Capital Goods
LODHA,Realty
LOKESHMACH,Technology Services
LORDSCHLO,Process Industries
LOTUSDEV,OTHER
LOTUSEYE,OTHER
LOVABLE,Consumer Non-Durables
LOYALTEX,Process Industries
LPDC,Finance
LRRPL,OTHER
LT,Construction
LTF,Financial Services
LTFOODS,Fast Moving Consumer Goods
LTIM,Information Technology
LTTS,Information Technology
LUMAXIND,Producer Manufacturing
LUMAXTECH,Automobile and Auto Components
LUPIN,Healthcare
LUXIND,Textiles
LXCHEM,Chemicals
LYKALABS,Health Technology
LYPSAGEMS,Consumer Durables
M&M,Automobile and Auto Components
M&MFIN,Financial Services
MAANALU,Non-Energy Minerals
MACOBSTECH,OTHER
MACPOWER,Producer Manufacturing
MADHAV,OTHER
MADHAVBAUG,OTHER
MADHUCON,Industrial Services
MADHUSUDAN,OTHER
MADRASFERT,Process Industries
MAGADSUGAR,Process Industries
MAGNUM,Process Industries
MAGSON,OTHER
MAHABANK,Financial Services
MAHAPEXLTD,Finance
MAHASTEEL,Non-Energy Minerals
MAHEPC,OTHER
MAHESHWARI,OTHER
MAHICKRA,OTHER
MAHLIFE,Realty
MAHLOG,Transportation
MAHSCOOTER,Financial Services
MAHSEAMLES,Capital Goods
MAITHANALL,Non-Energy Minerals
MAITREYA,OTHER
MAKS,OTHER
MAL,OTHER
MALLCOM,Consumer Non-Durables
MALUPAPER,Process Industries
MAMATA,OTHER
MANAKALUCO,Non-Energy Minerals
MANAKCOAT,OTHER
MANAKSIA,Non-Energy Minerals
MANAKSTEEL,Non-Energy Minerals
MANALIPETC,OTHER
MANAPPURAM,Financial Services
MANAV,OTHER
MANBA,OTHER
MANCREDIT,Finance
MANDEEP,OTHER
MANGALAM,OTHER
MANGLMCEM,Non-Energy Minerals
MANINDS,Producer Manufacturing
MANINFRA,Construction
MANKIND,Healthcare
MANOMAY,Process Industries
MANORAMA,Fast Moving Consumer Goods
MANORG,Process Industries
MANUGRAPH,Producer Manufacturing
MANYAVAR,Consumer Services
MAPMYINDIA,Information Technology
MARALOVER,Process Industries
MARATHON,Finance
MARCO,OTHER
MARICO,Fast Moving Consumer Goods
MARINE,OTHER
MARINETRAN,OTHER
MARKOLINES,OTHER
MARKSANS,Healthcare
MARUTI,Automobile and Auto Components
MASFIN,Finance
MASKINVEST,OTHER
MASON,OTHER
MASTEK,Information Technology
MASTER,OTHER
MASTERTR,Finance
MATRIMONY,Technology Services
MAWANASUG,Consumer Non-Durables
MAXESTATES,Realty
MAXHEALTH,Healthcare
MAXIND,Health Services
MAXPOSURE,OTHER
MAXVOLT,OTHER
MAYASHEEL,OTHER
MAYURUNIQ,Process Industries
MAZDA,Producer Manufacturing
MAZDOCK,Capital Goods
MBAPL,OTHER
MBEL,OTHER
MBLINFRA,Industrial Services
MCL,Non-Energy Minerals
MCLEODRUSS,Consumer Non-Durables
MCLOUD,Technology Services
MCON,OTHER
MCX,Financial Services
MDL,OTHER
MEDANTA,Healthcare
MEDIASSIST,OTHER
MEDICAMEQ,Health Technology
MEDICO,Health Technology
MEDIORG,OTHER
MEDISTEP,OTHER
MEDPLUS,Consumer Services
MEGAFLEX,OTHER
MEGASOFT,Technology Services
MEGASTAR,Process Industries
MEGATHERM,OTHER
MEIL,OTHER
MENONBE,Producer Manufacturing
MEP,Transportation
METROBRAND,Retail Trade
METROPOLIS,Healthcare
MFML,OTHER
MFSL,Financial Services
MGEL,OTHER
MGL,Oil Gas & Consumable Fuels
MGSL,OTHER
MHHL,OTHER
MHLXMIRU,Process Industries
MHRIL,OTHER
MICEL,Health Technology
MICROPRO,OTHER
MIDHANI,Capital Goods
MIDWESTLTD,OTHER
MIEL,OTHER
MILTON,OTHER
MINDACORP,Automobile and Auto Components
MINDPOOL,OTHER
MINDTECK,Technology Services
MIRCELECTR,Electronic Technology
MIRZAINT,Consumer Non-Durables
MITCON,OTHER
MITTAL,Process Industries
MKPL,Process Industries
MMEL,OTHER
MMFL,OTHER
MMP,Non-Energy Minerals
MMTC,Services
MOBIKWIK,OTHER
MODIRUBBER,Consumer Durables
MODIS,OTHER
MODISONLTD,Industrial Services
MODTHREAD,Process Industries
MOHITIND,Process Industries
MOIL,Metals & Mining
MOKSH,Consumer Durables
MOL,Process Industries
MOLDTECH,Industrial Services
MOLDTKPAC,Producer Manufacturing
MONARCH,OTHER
MONEYBOXX,Finance
MONOLITH,OTHER
MONOPHARMA,OTHER
MONTECARLO,Consumer Non-Durables
MORARJEE,Process Industries
MOREPENLAB,Health Technology
MOS,OTHER
MOSCHIP,Electronic Technology
MOTHERSON,Automobile and Auto Components
MOTILALOFS,Financial Services
MOTISONS,Retail Trade
MOTOGENFIN,OTHER
MOXSH,OTHER
MPEL,OTHER
MPHASIS,Information Technology
MPSLTD,Consumer Services
MPTODAY,OTHER
MRF,Automobile and Auto Components
MRIL,OTHER
MRPL,Oil Gas & Consumable Fuels
MSPL,Non-Energy Minerals
MSTCLTD,Services
MSUMI,Automobile and Auto Components
MTARTECH,Capital Goods
MTEDUCARE,Consumer Services
MTNL,Communications
MUFIN,Finance
MUFTI,Retail Trade
MUKANDLTD,Non-Energy Minerals
MUKKA,Consumer Non-Durables
MUKTAARTS,Technology Services
MUNISH,OTHER
MUNJALAU,Producer Manufacturing
MUNJALSHOW,Producer Manufacturing
MURUDCERA,Producer Manufacturing
MUTHOOTCAP,Finance
MUTHOOTFIN,Financial Services
MUTHOOTMF,Finance
MVGJL,OTHER
MVKAGRO,OTHER
MWL,Non-Energy Minerals
MYMUDRA,OTHER
NACLIND,Process Industries
NAGAFERT,OTHER
NAGREEKCAP,OTHER
NAGREEKEXP,Process Industries
NAHARCAP,OTHER
NAHARINDUS,OTHER
NAHARPOLY,Process Industries
NAHARSPING,Process Industries
NAM-INDIA,Financial Services
NAMAN,OTHER
NAMOEWASTE,OTHER
NARMADA,Process Industries
NATCAPSUQ,Health Technology
NATCOPHARM,Healthcare
NATHBIOGEN,Process Industries
NATIONALUM,Metals & Mining
NAUKRI,Consumer Services
NAVA,Power
NAVINFLUOR,Chemicals
NAVKARCORP,Transportation
NAVKARURB,Non-Energy Minerals
NAVNETEDUL,Producer Manufacturing
NAZARA,Media Entertainment & Publication
NBCC,Construction
NBIFIN,OTHER
NCC,Construction
NCLIND,Non-Energy Minerals
NDGL,OTHER
NDL,Process Industries
NDLVENTURE,Consumer Services
NDRAUTO,Producer Manufacturing
NDTV,Consumer Services
NECCLTD,OTHER
NECLIFE,Health Technology
NEELAM,OTHER
NELCAST,Non-Energy Minerals
NELCO,Electronic Technology
NEOGEN,Chemicals
NEPHROCARE,OTHER
NEPTUNE,OTHER
NESCO,Services
NESTLEIND,Fast Moving Consumer Goods
NETWEB,Information Technology
NETWORK18,Media Entertainment & Publication
NEULANDLAB,Healthcare
NEWGEN,Information Technology
NEWJAISA,OTHER
NEXTMEDIA,Consumer Services
NFL,Chemicals
NGIL,OTHER
NGLFINE,Health Technology
NH,Healthcare
NHPC,Power
NIACL,Financial Services
NIBE,Process Industries
NIBL,Producer Manufacturing
NIDAN,OTHER
NIITLTD,Commercial Services
NIITMTS,Commercial Services
NIKITA,OTHER
NILAINFRA,Industrial Services
NILASPACES,Consumer Durables
NILKAMAL,Consumer Durables
NINSYS,Technology Services
NIPPOBATRY,Producer Manufacturing
NIRAJ,Industrial Services
NIRAJISPAT,OTHER
NIRMAN,OTHER
NITCO,Producer Manufacturing
NITINSPIN,Process Industries
NITIRAJ,Electronic Technology
NIVABUPA,Financial Services
NKIND,Process Industries
NLCINDIA,Power
NMDC,Metals & Mining
NMSTEEL,OTHER
NOCIL,Process Industries
NOIDATOLL,Commercial Services
NORBTEAEXP,Consumer Non-Durables
NORTHARC,OTHER
NOVAAGRI,Process Industries
NPST,OTHER
NRAIL,Process Industries
NRBBEARING,OTHER
NRL,Non-Energy Minerals
NRVANDANA,OTHER
NSIL,Finance
NSLNISP,Metals & Mining
NTPC,Power
NTPCGREEN,Power
NUCLEUS,Technology Services
NURECA,Health Technology
NUVAMA,Financial Services
NUVOCO,Construction Materials
NYKAA,Consumer Services
OAL,Process Industries
OBCL,Transportation
OBEROIRLTY,Realty
OBSCP,OTHER
OCCLLTD,OTHER
ODIGMA,OTHER
OFSS,Information Technology
OIL,Oil Gas & Consumable Fuels
OILCOUNTUB,Industrial Services
OLAELEC,Automobile and Auto Components
OLECTRA,Automobile and Auto Components
OLIL,OTHER
OMAXAUTO,Producer Manufacturing
OMAXE,Finance
OMFREIGHT,OTHER
OMFURN,OTHER
OMINFRAL,Industrial Services
OMKARCHEM,Process Industries
ONDOOR,OTHER
ONELIFECAP,Finance
ONEPOINT,OTHER
ONESOURCE,Healthcare
ONGC,Oil Gas & Consumable Fuels
ONMOBILE,Communications
ONWARDTEC,Technology Services
ONYX,OTHER
OPTIEMUS,Telecommunication
OPTIVALUE,OTHER
ORBTEXP,Process Industries
ORCHASP,Technology Services
ORCHPHARMA,Healthcare
ORIANA,OTHER
ORICONENT,Producer Manufacturing
ORIENTALTL,Non-Energy Minerals
ORIENTBELL,Producer Manufacturing
ORIENTCEM,Construction Materials
ORIENTCER,Non-Energy Minerals
ORIENTELEC,Consumer Durables
ORIENTHOT,Consumer Services
ORIENTLTD,Process Industries
ORIENTPPR,Process Industries
ORIENTTECH,OTHER
ORISSAMINE,OTHER
ORKLAINDIA,OTHER
ORTEL,Consumer Services
ORTINGLOBE,OTHER
OSELDEVICE,OTHER
OSIAHYPER,Retail Trade
OSWALAGRO,Finance
OSWALGREEN,Finance
OSWALPUMPS,Capital Goods
OSWALSEEDS,OTHER
OWAIS,OTHER
PACEDIGITK,OTHER
PAGEIND,Textiles
PAISALO,Finance
PAKKA,Process Industries
PALASHSECU,Consumer Non-Durables
PALREDTEC,Distribution Services
PANACEABIO,Health Technology
PANACHE,Electronic Technology
PANAMAPET,Process Industries
PANSARI,Technology Services
PAR,OTHER
PARACABLES,Producer Manufacturing
PARADEEP,Chemicals
PARAGMILK,Consumer Non-Durables
PARAGON,OTHER
PARAMATRIX,OTHER
PARAMOUNT,OTHER
PARAS,Capital Goods
PARASPETRO,Process Industries
PARIN,OTHER
PARKHOTELS,Consumer Services
PARSVNATH,Finance
PARTH,OTHER
PARTYCRUS,OTHER
PASHUPATI,Process Industries
PASUPTAC,Process Industries
PATANJALI,Fast Moving Consumer Goods
PATELENG,Construction
PATELRMART,OTHER
PATILAUTOM,OTHER
PATINTLOG,Transportation
PATTECH,OTHER
PAVNAIND,Producer Manufacturing
PAYTM,Financial Services
PCBL,Chemicals
PCCL,OTHER
PCJEWELLER,Consumer Durables
PDMJEPAPER,OTHER
PDSL,Consumer Non-Durables
PEARLPOLY,Process Industries
PELATRO,OTHER
PENIND,Non-Energy Minerals
PENINLAND,Finance
PENTAGON,OTHER
PERFECT,OTHER
PERSISTENT,Information Technology
PETRONET,Oil Gas & Consumable Fuels
PFC,Financial Services
PFIZER,Healthcare
PFOCUS,Consumer Services
PFS,OTHER
PGEL,Consumer Durables
PGHH,Fast Moving Consumer Goods
PGHL,OTHER
PGIL,Textiles
PHANTOMFX,OTHER
PHOENIXLTD,Realty
PHOGLOBAL,OTHER
PICCADIL,Process Industries
PIDILITIND,Chemicals
PIGL,OTHER
PIIND,Chemicals
PILANIINVS,OTHER
PILITA,Producer Manufacturing
PINELABS,OTHER
PIONEEREMB,Consumer Non-Durables
PIRAMALFIN,OTHER
PITTIENG,Producer Manufacturing
PIXTRANS,Producer Manufacturing
PKTEA,OTHER
PLADAINFO,OTHER
PLASTIBLEN,Process Industries
PLATIND,Process Industries
PLAZACABLE,Producer Manufacturing
PNB,Financial Services
PNBGILTS,Finance
PNBHOUSING,Financial Services
PNC,OTHER
PNCINFRA,Construction
PNGJL,Consumer Durables
POCL,Non-Energy Minerals
PODDARMENT,Process Industries
POKARNA,Producer Manufacturing
POLICYBZR,Financial Services
POLYCAB,Capital Goods
POLYMED,Healthcare
POLYPLEX,Capital Goods
POLYSIL,OTHER
PONNIERODE,Process Industries
POONAWALLA,Financial Services
POSITRON,OTHER
POWERGRID,Power
POWERINDIA,Capital Goods
POWERMECH,Construction
PPAP,Producer Manufacturing
PPL,Producer Manufacturing
PPLPHARMA,Healthcare
PPSL,OTHER
PRABHA,OTHER
PRAENG,Consumer Durables
PRAJIND,Capital Goods
PRAKASH,Non-Energy Minerals
PRAKASHSTL,Non-Energy Minerals
PRAMARA,OTHER
PRANIK,OTHER
PRATHAM,OTHER
PRAXIS,Retail Trade
PRECAM,Producer Manufacturing
PRECISION,OTHER
PRECOT,Process Industries
PRECWIRE,Producer Manufacturing
PREMEXPLN,Process Industries
PREMIER,Producer Manufacturing
PREMIERENE,Capital Goods
PREMIERPOL,Non-Energy Minerals
PREMIUM,OTHER
PRESSTONIC,OTHER
PRESTIGE,Realty
PRICOLLTD,Automobile and Auto Components
PRIMECAB,OTHER
PRIMESECU,Finance
PRIMO,Process Industries
PRINCEPIPE,Capital Goods
PRITI,Consumer Durables
PRITIKA,OTHER
PRITIKAUTO,OTHER
PRIVISCL,Chemicals
PRIZOR,OTHER
PRLIND,OTHER
PROFX,OTHER
PROLIFE,OTHER
PROPEQUITY,OTHER
PROSTARM,OTHER
PROTEAN,OTHER
PROV,OTHER
PROZONER,Finance
PRSMJOHNSN,Construction Materials
PRUDENT,Financial Services
PRUDMOULI,OTHER
PSB,Finance
PSFL,OTHER
PSPPROJECT,Industrial Services
PSRAJ,OTHER
PTC,Power
PTCIL,Capital Goods
PTL,Finance
PULZ,OTHER
PUNJABCHEM,OTHER
PURPLEUTED,OTHER
PURVA,Realty
PURVFLEXI,OTHER
PUSHPA,OTHER
PVP,Technology Services
PVRINOX,Media Entertainment & Publication
PVSL,Retail Trade
PWL,OTHER
PYRAMID,Producer Manufacturing
QFIL,OTHER
QMSMEDI,OTHER
QPOWER,OTHER
QUADFUTURE,OTHER
QUADPRO,OTHER
QUESS,Services
QUESTLAB,OTHER
QUICKHEAL,OTHER
QUICKTOUCH,OTHER
QVCEL,OTHER
RACE,Process Industries
RACLGEAR,Producer Manufacturing
RADAAN,Consumer Services
RADHIKAJWE,Consumer Durables
RADIANTCMS,OTHER
RADICO,Fast Moving Consumer Goods
RADIOCITY,Consumer Services
RADIOWALLA,OTHER
RAILTEL,Telecommunication
RAIN,Chemicals
RAINBOW,Healthcare
RAJESHEXPO,Consumer Durables
RAJINDLTD,OTHER
RAJMET,Non-Energy Minerals
RAJOOENG,Producer Manufacturing
RAJPUTANA,OTHER
RAJRATAN,Producer Manufacturing
RAJRILTD,Process Industries
RAJSREESUG,OTHER
RAJTV,Consumer Services
RALLIS,Chemicals
RAMANEWS,Process Industries
RAMAPHO,Process Industries
RAMASTEEL,Non-Energy Minerals
RAMCOCEM,Construction Materials
RAMCOIND,Non-Energy Minerals
RAMCOSYS,Technology Services
RAMKY,Industrial Services
RAMRAT,Producer Manufacturing
RANASUG,Process Industries
RANEHOLDIN,Producer Manufacturing
RAPIDFLEET,OTHER
RAPPID,OTHER
RATEGAIN,Information Technology
RATNAMANI,Capital Goods
RATNAVEER,OTHER
RAYMOND,Process Industries
RAYMONDLSL,Textiles
RAYMONDREL,OTHER
RBA,Consumer Services
RBLBANK,Financial Services
RBMINFRA,OTHER
RBS,OTHER
RBZJEWEL,Consumer Durables
RCDL,OTHER
RCF,Chemicals
RCOM,Communications
READYMIX,OTHER
RECLTD,Financial Services
REDINGTON,Services
REDTAPE,Retail Trade
REFEX,Chemicals
REFRACTORY,OTHER
REGAAL,OTHER
REGENCERAM,Producer Manufacturing
RELAXO,Consumer Durables
RELCHEMQ,OTHER
RELIABLE,OTHER
RELIANCE,Oil Gas & Consumable Fuels
RELIGARE,Financial Services
RELINFRA,Power
RELTD,Utilities
REMSONSIND,Producer Manufacturing
REMUS,OTHER
RENUKA,Fast Moving Consumer Goods
REPCOHOME,Finance
REPL,OTHER
REPRO,Commercial Services
RESPONIND,Non-Energy Minerals
RETAIL,OTHER
REXPIPES,OTHER
REXPRO,OTHER
RGL,Consumer Durables
RHETAN,Non-Energy Minerals
RHFL,Finance
RHIM,Capital Goods
RHL,Consumer Services
RICHA,OTHER
RICOAUTO,Producer Manufacturing
RIIL,OTHER
RILINFRA,OTHER
RISHABH,Producer Manufacturing
RITCO,Transportation
RITES,Construction
RITEZONE,OTHER
RKDL,Consumer Non-Durables
RKEC,Industrial Services
RKFORGE,Automobile and Auto Components
RKSWAMY,Commercial Services
RMDRIP,OTHER
RML,Producer Manufacturing
RNBDENIMS,Process Industries
RNFI,OTHER
RNPL,OTHER
ROCKINGDCE,OTHER
ROHLTD,Consumer Services
ROLEXRINGS,Producer Manufacturing
ROLLT,Process Industries
ROLTA,Technology Services
ROML,Process Industries
ROSSARI,Process Industries
ROSSELLIND,Electronic Technology
ROSSTECH,OTHER
ROTO,Producer Manufacturing
ROUTE,Telecommunication
ROXHITECH,OTHER
ROYALARC,OTHER
RPEL,Process Industries
RPGLIFE,Health Technology
RPOWER,Power
RPPINFRA,OTHER
RPPL,Process Industries
RPSGVENT,Finance
RPTECH,Distribution Services
RRKABEL,Capital Goods
RSSOFTWARE,Technology Services
RSWM,Process Industries
RSYSTEMS,Technology Services
RTL,OTHER
RTNINDIA,Consumer Services
RTNPOWER,Power
RUBFILA,Process Industries
RUBICON,OTHER
RUBYMILLS,OTHER
RUCHINFRA,Transportation
RUCHIRA,Process Industries
RULKA,OTHER
RUPA,Consumer Non-Durables
RUSHIL,Non-Energy Minerals
RUSTOMJEE,Finance
RVHL,Consumer Durables
RVNL,Construction
RVTH,OTHER
S&SPOWER,OTHER
SAAKSHI,OTHER
SAATVIKGL,OTHER
SABAR,OTHER
SABEVENTS,OTHER
SABTNL,OTHER
SACHEEROME,OTHER
SADBHAV,Industrial Services
SADBHIN,Industrial Services
SADHAV,OTHER
SADHNANIQ,Process Industries
SAFARI,Consumer Durables
SAFEENTP,OTHER
SAGARDEEP,OTHER
SAGCEM,Non-Energy Minerals
SAGILITY,Information Technology
SAHAJSOLAR,OTHER
SAHANA,OTHER
SAHASRA,OTHER
SAHYADRI,Non-Energy Minerals
SAIFL,OTHER
SAIL,Metals & Mining
SAILIFE,Healthcare
SAJHOTELS,OTHER
SAKAR,OTHER
SAKHTISUG,Process Industries
SAKSOFT,Technology Services
SAKUMA,Distribution Services
SALASAR,OTHER
SALONA,Process Industries
SALSTEEL,Non-Energy Minerals
SALZERELEC,Producer Manufacturing
SAMAY,OTHER
SAMBHAAV,Consumer Services
SAMBHV,OTHER
SAMHI,Consumer Services
SAMMAANCAP,Financial Services
SAMPANN,Producer Manufacturing
SANATHAN,OTHER
SANCO,OTHER
SANDESH,OTHER
SANDHAR,Consumer Durables
SANDUMA,Oil Gas & Consumable Fuels
SANGAMIND,Process Industries
SANGANI,OTHER
SANGHIIND,Non-Energy Minerals
SANGHVIMOV,Finance
SANGINITA,Process Industries
SANOFI,Healthcare
SANOFICONR,Healthcare
SANSERA,Automobile and Auto Components
SANSTAR,OTHER
SANWARIA,Process Industries
SAPPHIRE,Consumer Services
SARDAEN,Metals & Mining
SAREGAMA,Media Entertainment & Publication
SARLAPOLY,Process Industries
SAROJA,OTHER
SARTELE,OTHER
SARVESHWAR,Process Industries
SASKEN,Technology Services
SASTASUNDR,Retail Trade
SATECH,OTHER
SATIA,Process Industries
SATIN,OTHER
SATIPOLY,OTHER
SATKARTAR,OTHER
SATTVAENGG,OTHER
SAURASHCEM,Non-Energy Minerals
SAVY,OTHER
SAWALIYA,OTHER
SBC,Distribution Services
SBCL,Non-Energy Minerals
SBFC,Financial Services
SBGLP,OTHER
SBICARD,Financial Services
SBILIFE,Financial Services
SBIN,Financial Services
SCHAEFFLER,Automobile and Auto Components
SCHAND,Consumer Services
SCHNEIDER,Capital Goods
SCI,Services
SCILAL,OTHER
SCML,OTHER
SCODATUBES,OTHER
SCPL,Consumer Non-Durables
SDBL,OTHER
SDREAMS,OTHER
SEAMECLTD,Industrial Services
SECMARK,Technology Services
SECURKLOUD,OTHER
SEJALLTD,Process Industries
SEL,OTHER
SELLOWRAP,OTHER
SELMC,Process Industries
SEMAC,OTHER
SENCO,Consumer Durables
SENORES,OTHER
SEPC,Industrial Services
SEQUENT,Healthcare
SERVICE,OTHER
SERVOTECH,OTHER
SESHAPAPER,OTHER
SETCO,Producer Manufacturing
SETUINFRA,OTHER
SFL,Consumer Durables
SFML,OTHER
SGFIN,Finance
SGIL,OTHER
SGL,Process Industries
SGLTL,OTHER
SGMART,Utilities
SHAH,Non-Energy Minerals
SHAHALLOYS,Non-Energy Minerals
SHAILY,Capital Goods
SHAIVAL,OTHER
SHAKTIPUMP,Capital Goods
SHALBY,Health Services
SHALPAINTS,Process Industries
SHANKARA,OTHER
SHANTHALA,OTHER
SHANTI,OTHER
SHANTIGEAR,Producer Manufacturing
SHANTIGOLD,OTHER
SHARDACROP,Chemicals
SHARDAMOTR,Automobile and Auto Components
SHAREINDIA,Financial Services
SHEEL,OTHER
SHEETAL,OTHER
SHEKHAWATI,OTHER
SHEMAROO,Consumer Services
SHERA,OTHER
SHETHJI,OTHER
SHIGAN,OTHER
SHILCTECH,Producer Manufacturing
SHILPAMED,Healthcare
SHIVALIK,Process Industries
SHIVAMAUTO,Producer Manufacturing
SHIVAMILLS,Process Industries
SHIVASHRIT,OTHER
SHIVATEX,Process Industries
SHIVAUM,OTHER
SHK,Process Industries
SHKSIL,OTHER
SHOPERSTOP,Retail Trade
SHRADHA,Industrial Services
SHREDIGCEM,Non-Energy Minerals
SHREECEM,Construction Materials
SHREEJISPG,OTHER
SHREEKARNI,OTHER
SHREEOSFM,OTHER
SHREEPUSHK,OTHER
SHREERAMA,Process Industries
SHRENIK,Distribution Services
SHREYANIND,Process Industries
SHRIAHIMSA,OTHER
SHRINGARMS,OTHER
SHRIPISTON,Automobile and Auto Components
SHRIRAMFIN,Financial Services
SHRIRAMPPS,Finance
SHRITECH,OTHER
SHUBHLAXMI,OTHER
SHUBHSHREE,OTHER
SHYAMCENT,Non-Energy Minerals
SHYAMMETL,Capital Goods
SHYAMTEL,Electronic Technology
SICALLOG,Transportation
SIDDHICOTS,OTHER
SIDDHIKA,OTHER
SIEMENS,Capital Goods
SIGACHI,Health Technology
SIGIND,Process Industries
SIGMA,Technology Services
SIGNATURE,Realty
SIGNORIA,OTHER
SIGNPOST,Commercial Services
SIKKO,Process Industries
SIL,Process Industries
SILGO,Consumer Durables
SILINV,Finance
SILKFLEX,OTHER
SILKY,OTHER
SILLYMONKS,OTHER
SILVERTUC,OTHER
SIMBHALS,Process Industries
SIMPLEXINF,Industrial Services
SINCLAIR,Consumer Services
SINDHUTRAD,Transportation
SINTERCOM,Producer Manufacturing
SIRCA,Process Industries
SIS,Commercial Services
SITINET,Consumer Services
SIYSIL,Process Industries
SJLOGISTIC,OTHER
SJS,Producer Manufacturing
SJVN,Power
SKFINDIA,Automobile and Auto Components
SKIPPER,Capital Goods
SKMEGGPROD,Process Industries
SKP,OTHER
SKYGOLD,Consumer Durables
SLONE,OTHER
SMARTEN,OTHER
SMARTLINK,Electronic Technology
SMARTWORKS,OTHER
SMCGLOBAL,Finance
SMLMAH,OTHER
SMLT,Non-Energy Minerals
SMSLIFE,Health Technology
SMSPHARMA,Health Technology
SMVD,OTHER
SNEHAA,OTHER
SNOWMAN,Commercial Services
SOBHA,Realty
SOFTTECH,Technology Services
SOLARA,Health Technology
SOLARINDS,Chemicals
SOLARWORLD,OTHER
SOLEX,Producer Manufacturing
SOMANYCERA,Producer Manufacturing
SOMATEX,Process Industries
SOMICONVEY,Producer Manufacturing
SONACOMS,Automobile and Auto Components
SONAMAC,OTHER
SONAMLTD,Consumer Durables
SONATSOFTW,Information Technology
SONUINFRA,OTHER
SOTAC,OTHER
SOTL,Process Industries
SOUTHBANK,Financial Services
SOUTHWEST,OTHER
SPAL,Consumer Non-Durables
SPANDANA,OTHER
SPARC,Healthcare
SPCENET,OTHER
SPCL,OTHER
SPECIALITY,Consumer Services
SPECTRUM,OTHER
SPECTSTM,OTHER
SPENCERS,Retail Trade
SPIC,OTHER
SPLIL,Consumer Non-Durables
SPLPETRO,Process Industries
SPMLINFRA,Industrial Services
SPORTKING,Process Industries
SPPPOLY,OTHER
SPRL,OTHER
SPUNWEB,OTHER
SRD,OTHER
SREEL,Retail Trade
SRF,Chemicals
SRGHFL,Finance
SRHHYPOLTD,OTHER
SRIVASAVI,OTHER
SRM,Industrial Services
SRPL,Process Industries
SSDL,OTHER
SSEGL,OTHER
SSFL,OTHER
SSWL,Producer Manufacturing
STALLION,OTHER
STANLEY,OTHER
STAR,Healthcare
STARCEMENT,Construction Materials
STARHEALTH,Financial Services
STARPAPER,Process Industries
STARTECK,Finance
STCINDIA,OTHER
STEELCAS,Non-Energy Minerals
STEELCITY,OTHER
STEELXIND,Non-Energy Minerals
STEL,Finance
STERTOOLS,Producer Manufacturing
STLNETWORK,OTHER
STLTECH,Telecommunication
STOVEKRAFT,Consumer Durables
STUDDS,OTHER
STUDIOLSD,OTHER
STYL,OTHER
STYLAMIND,Non-Energy Minerals
STYLEBAAZA,OTHER
STYRENIX,Chemicals
SUBAHOTELS,OTHER
SUBEXLTD,Technology Services
SUBROS,Capital Goods
SUDARSCHEM,Chemicals
SUKHJITS,Consumer Non-Durables
SULA,Process Industries
SUMEETINDS,Process Industries
SUMICHEM,Chemicals
SUMIT,Finance
SUMMITSEC,Miscellaneous
SUNCLAY,Producer Manufacturing
SUNDARAM,Producer Manufacturing
SUNDARMFIN,Financial Services
SUNDRMBRAK,Producer Manufacturing
SUNDRMFAST,Automobile and Auto Components
SUNDROP,OTHER
SUNFLAG,Capital Goods
SUNLITE,OTHER
SUNPHARMA,Healthcare
SUNREST,OTHER
SUNTECH,OTHER
SUNTECK,Realty
SUNTV,Media Entertainment & Publication
SUPERHOUSE,Consumer Non-Durables
SUPERSPIN,Process Industries
SUPRAJIT,Producer Manufacturing
SUPREME,Finance
SUPREMEENG,Non-Energy Minerals
SUPREMEIND,Capital Goods
SUPREMEINF,OTHER
SUPREMEPWR,OTHER
SUPRIYA,Healthcare
SURAJEST,OTHER
SURAJLTD,Non-Energy Minerals
SURAKSHA,OTHER
SURANASOL,Electronic Technology
SURANAT&P,OTHER
SURANI,OTHER
SURYALAXMI,Process Industries
SURYAROSNI,Capital Goods
SURYODAY,OTHER
SUTLEJTEX,OTHER
SUVEN,Health Technology
SUVIDHAA,Commercial Services
SUYOG,Industrial Services
SUZLON,Capital Goods
SVLL,Transportation
SVPGLOB,Distribution Services
SWANCORP,Chemicals
SWARAJ,OTHER
SWARAJENG,Producer Manufacturing
SWASTIK,OTHER
SWELECTES,Producer Manufacturing
SWIGGY,Consumer Services
SWSOLAR,Construction
SYLVANPLY,OTHER
SYMPHONY,Consumer Durables
SYNCOMF,OTHER
SYNGENE,Healthcare
SYNOPTICS,OTHER
SYRMA,Capital Goods
SYSTANGO,OTHER
SYSTMTXC,Finance
TAC,OTHER
TAINWALCHM,OTHER
TAJGVK,OTHER
TAKE,Technology Services
TALBROAUTO,Producer Manufacturing
TANKUP,OTHER
TANLA,Information Technology
TAPIFRUIT,OTHER
TARACHAND,OTHER
TARAPUR,Producer Manufacturing
TARC,Realty
TARIL,Capital Goods
TARMAT,Industrial Services
TARSONS,Process Industries
TASTYBITE,Consumer Non-Durables
TATACAP,OTHER
TATACHEM,Chemicals
TATACOMM,Telecommunication
TATACONSUM,Fast Moving Consumer Goods
TATAELXSI,Information Technology
TATAINVEST,Financial Services
TATAPOWER,Power
TATASTEEL,Metals & Mining
TATATECH,Information Technology
TATVA,OTHER
TAURIAN,OTHER
TBI,OTHER
TBOTEK,Consumer Services
TBZ,Consumer Durables
TCI,Transportation
TCIEXP,Transportation
TCIFINANCE,Finance
TCL,OTHER
TCPLPACK,Commercial Services
TCS,Information Technology
TDPOWERSYS,Capital Goods
TEAMGTY,OTHER
TEAMLEASE,Services
TECHD,OTHER
TECHERA,OTHER
TECHLABS,OTHER
TECHM,Information Technology
TECHNOE,Construction
TECILCHEM,OTHER
TEGA,Capital Goods
TEJASCARGO,OTHER
TEJASNET,Telecommunication
TEMBO,OTHER
TENNIND,OTHER
TERASOFT,Technology Services
TEXINFRA,OTHER
TEXMOPIPES,OTHER
TEXRAIL,Capital Goods
TFCILTD,Finance
TFL,Finance
TGBHOTELS,Consumer Services
TGL,OTHER
THANGAMAYL,Consumer Durables
THEINVEST,Finance
THEJO,Distribution Services
THELEELA,Consumer Services
THEMISMED,Health Technology
THERMAX,Capital Goods
THESL,OTHER
THOMASCOOK,Consumer Services
THOMASCOTT,Consumer Non-Durables
THYROCARE,Healthcare
TI,Fast Moving Consumer Goods
TICL,OTHER
TIGERLOGS,Transportation
TIIL,Producer Manufacturing
TIINDIA,Automobile and Auto Components
TIJARIA,Producer Manufacturing
TIL,Producer Manufacturing
TIMESCAN,OTHER
TIMETECHNO,Capital Goods
TIMKEN,Capital Goods
TINNARUBR,OTHER
TIPSFILMS,Consumer Services
TIPSMUSIC,Media Entertainment & Publication
TIRUMALCHM,Process Industries
TIRUPATI,OTHER
TIRUPATIFL,Producer Manufacturing
TITAGARH,Capital Goods
TITAN,Consumer Durables
TMB,OTHER
TMCV,Consumer Durables
TMPV,Automobile and Auto Components
TNPETRO,Process Industries
TNPL,Process Industries
TNTELE,OTHER
TOKYOPLAST,Producer Manufacturing
TOLINS,OTHER
TORNTPHARM,Healthcare
TORNTPOWER,Power
TOTAL,OTHER
TOUCHWOOD,OTHER
TPHQ,Industrial Services
TPLPLASTEH,Process Industries
TRACXN,Technology Services
TRANSRAILL,Capital Goods
TRANSTEEL,OTHER
TRANSWIND,OTHER
TRANSWORLD,OTHER
TRAVELFOOD,OTHER
TREEHOUSE,OTHER
TREJHARA,Technology Services
TREL,Finance
TRENT,Consumer Services
TRF,Producer Manufacturing
TRIDENT,Textiles
TRIDHYA,OTHER
TRIGYN,Technology Services
TRITURBINE,Capital Goods
TRIVENI,Fast Moving Consumer Goods
TROM,OTHER
TRU,Finance
TRUALT,OTHER
TRUST,OTHER
TSC,OTHER
TSFINV,Financial Services
TTKHLTCARE,Health Technology
TTKPRESTIG,Consumer Durables
TTL,Process Industries
TTML,Telecommunication
TUNWAL,OTHER
TVSELECT,Electronic Technology
TVSHLTD,Producer Manufacturing
TVSMOTOR,Automobile and Auto Components
TVSSCS,Services
TVSSRICHAK,Consumer Durables
TVTODAY,Consumer Services
TVVISION,Consumer Services
UBL,Fast Moving Consumer Goods
UCAL,Producer Manufacturing
UCL,OTHER
UCOBANK,Financial Services
UDS,Commercial Services
UFBL,OTHER
UFLEX,Process Industries
UFO,Consumer Services
UGARSUGAR,OTHER
UGROCAP,Finance
UHTL,OTHER
UJJIVANSFB,Financial Services
ULTRACEMCO,Construction Materials
UMA,OTHER
UMAEXPORTS,Distribution Services
UMESLTD,OTHER
UMIYA-MRO,OTHER
UNICHEMLAB,Health Technology
UNIDT,Industrial Services
UNIECOM,OTHER
UNIENTER,Producer Manufacturing
UNIHEALTH,OTHER
UNIINFO,OTHER
UNILEX,OTHER
UNIMECH,Capital Goods
UNIONBANK,Financial Services
UNIPARTS,Producer Manufacturing
UNITDSPR,Fast Moving Consumer Goods
UNITECH,Finance
UNITEDPOLY,OTHER
UNITEDTEA,OTHER
UNIVASTU,Industrial Services
UNIVCABLES,Electronic Technology
UNIVPHOTO,OTHER
UNOMINDA,Automobile and Auto Components
UPL,Chemicals
URAVIDEF,OTHER
URBAN,OTHER
URBANCO,OTHER
URJA,Electronic Technology
USASEEDS,OTHER
USHAFIN,OTHER
USHAMART,Capital Goods
USK,Industrial Services
UTIAMC,Financial Services
UTKARSHBNK,OTHER
UTLSOLAR,OTHER
UTSSAV,OTHER
UTTAMSUGAR,Process Industries
UWCSL,OTHER
UYFINCORP,Finance
V2RETAIL,Consumer Services
VADILALIND,Consumer Non-Durables
VAIBHAVGBL,Consumer Durables
VAISHALI,Health Technology
VAKRANGEE,Retail Trade
VALIANTLAB,Health Technology
VALIANTORG,Process Industries
VARDHACRLC,Consumer Non-Durables
VARDMNPOLY,Process Industries
VARROC,Automobile and Auto Components
VASA,OTHER
VASCONEQ,Industrial Services
VASWANI,Non-Energy Minerals
VBL,Fast Moving Consumer Goods
VCL,Process Industries
VDEAL,OTHER
VEDL,Metals & Mining
VEEDOL,OTHER
VEEKAYEM,OTHER
VELS,OTHER
VENKEYS,Process Industries
VENTIVE,Consumer Services
VENUSPIPES,Non-Energy Minerals
VENUSREM,Health Technology
VERA,OTHER
VERANDA,OTHER
VERITAAS,OTHER
VERTEXPLUS,OTHER
VERTOZ,OTHER
VESUVIUS,Capital Goods
VETO,OTHER
VGINFOTECH,OTHER
VGL,OTHER
VGUARD,Consumer Durables
VHL,Finance
VHLTD,Consumer Services
VIAZ,OTHER
VIDHIING,OTHER
VIESL,OTHER
VIGOR,OTHER
VIJAYA,Healthcare
VIJAYPD,OTHER
VIJIFIN,Finance
VIKASECO,Process Industries
VIKASLIFE,Distribution Services
VIKRAMSOLR,OTHER
VIKRAN,OTHER
VILAS,OTHER
VILINBIO,OTHER
VIMTALABS,Commercial Services
VINATIORGA,Chemicals
VINCOFE,OTHER
VINDHYATEL,Industrial Services
VINEETLAB,Process Industries
VINNY,Process Industries
VINSYS,OTHER
VINYAS,OTHER
VINYLINDIA,Distribution Services
VIPCLOTHNG,Consumer Non-Durables
VIPIND,Consumer Durables
VIPULLTD,Finance
VIRINCHI,Technology Services
VISAKAIND,Process Industries
VISAMAN,OTHER
VISASTEEL,Non-Energy Minerals
VISHNU,Process Industries
VISHNUINFR,OTHER
VISHWARAJ,OTHER
VISHWAS,OTHER
VITAL,OTHER
VIVIANA,OTHER
VIVIDHA,Process Industries
VIVO,OTHER
VLEGOV,Technology Services
VLINFRA,OTHER
VLSFINANCE,Finance
VMARCIND,OTHER
VMART,Consumer Services
VMM,Consumer Services
VMSTMT,OTHER
VOLERCAR,OTHER
VOLTAMP,Capital Goods
VOLTAS,Consumer Durables
VPRPL,OTHER
VR,OTHER
VRAJ,OTHER
VRLLOG,Transportation
VSCL,OTHER
VSSL,Non-Energy Minerals
VSTIND,Fast Moving Consumer Goods
VSTL,Non-Energy Minerals
VSTTILLERS,Producer Manufacturing
VTL,Textiles
WAAREEENER,Capital Goods
WAAREERTL,Capital Goods
WABAG,Utilities
WALCHANNAG,Producer Manufacturing
WALPAR,OTHER
WANBURY,Health Technology
WCIL,OTHER
WEALTH,OTHER
WEBELSOLAR,Capital Goods
WEIZMANIND,Process Industries
WEL,Electronic Technology
WELCORP,Capital Goods
WELENT,Construction
WELINV,OTHER
WELSPUNLIV,Textiles
WENDT,Producer Manufacturing
WESTLIFE,Consumer Services
WEWIN,Commercial Services
WEWORK,OTHER
WHEELS,Producer Manufacturing
WHIRLPOOL,Consumer Durables
WHITEFORCE,OTHER
WILLAMAGOR,Finance
WINDLAS,Health Technology
WINDMACHIN,Producer Manufacturing
WINNY,OTHER
WINSOL,OTHER
WINSOME,Consumer Non-Durables
WIPL,OTHER
WIPRO,Information Technology
WOCKPHARMA,Healthcare
WOL3D,OTHER
WOMANCART,OTHER
WONDERLA,Consumer Services
WORTHPERI,Process Industries
WSI,OTHER
WSTCSTPAPR,Producer Manufacturing
WTICAB,OTHER
XCHANGING,Technology Services
XELPMOC,OTHER
XPROINDIA,Process Industries
XTGLOBAL,Technology Services
YASHO,Consumer Non-Durables
YASHOPTICS,OTHER
YATHARTH,Healthcare
YATRA,Consumer Services
YCCL,OTHER
YESBANK,Financial Services
YUDIZ,OTHER
YUKEN,Producer Manufacturing
ZAGGLE,Information Technology
ZEAL,OTHER
ZEEL,Media Entertainment & Publication
ZEELEARN,Consumer Services
ZEEMEDIA,Consumer Services
ZENITHDRUG,OTHER
ZENITHEXPO,Consumer Non-Durables
ZENITHSTL,OTHER
ZENSARTECH,Information Technology
ZENTEC,Capital Goods
ZFCVINDIA,Automobile and Auto Components
ZIMLAB,Health Technology
ZODIAC,Producer Manufacturing
ZODIACLOTH,Consumer Non-Durables
ZOTA,Health Technology
ZTECH,OTHER
ZUARI,Process Industries
ZUARIIND,Process Industries
ZYDUSLIFE,Healthcare
ZYDUSWELL,Fast Moving Consumer Goods
