Symbol,Sector
20MICRONS,OTHER
360ONE,OTHER
3MINDIA,OTHER
5PAISA,OTHER
63MOONS,OTHER
AADHARHFC,OTHER
AARON,OTHER
AARTECH,OTHER
AARTIDRUGS,OTHER
AARTIIND,OTHER
AARTIPHARM,OTHER
AARTISURF,OTHER
AARVI,OTHER
AAVAS,OTHER
ABB,OTHER
ABBOTINDIA,OTHER
ABCAPITAL,OTHER
ABCOTS,OTHER
ABDL,OTHER
ABFRL,OTHER
ABGSEC,OTHER
ABLBL,OTHER
ABREL,OTHER
ABSLAMC,OTHER
ABSLBANETF,OTHER
ABSLLIQUID,OTHER
ABSLNN50ET,OTHER
ACC,OTHER
ACCELYA,OTHER
ACE,OTHER
ACI,OTHER
ACMESOLAR,OTHER
ACUTAAS,OTHER
ADANIENSOL,OTHER
ADANIENT,OTHER
ADANIGREEN,OTHER
ADANIPORTS,OTHER
ADANIPOWER,OTHER
ADFFOODS,OTHER
ADL,OTHER
ADOR,OTHER
ADSL,OTHER
ADVANCE,OTHER
ADVANIHOTR,OTHER
ADVENZYMES,OTHER
AEGISLOG,OTHER
AEGISVOPAK,OTHER
AEROENTER,OTHER
AEROFLEX,OTHER
AERONEU,OTHER
AETHER,OTHER
AFCONS,OTHER
AFFLE,OTHER
AFFORDABLE,OTHER
AFSL,OTHER
AGARIND,OTHER
AGARWALEYE,OTHER
AGI,OTHER
AGIIL,OTHER
AGRITECH,OTHER
AHLADA,OTHER
AHLEAST,OTHER
AHLUCONT,OTHER
AIAENG,OTHER
AIIL,OTHER
AIROLAM,OTHER
AJANTPHARM,OTHER
AJAXENGG,OTHER
AJMERA,OTHER
AKSHARCHEM,OTHER
AKUMS,OTHER
AKZOINDIA,OTHER
ALBERTDAVD,OTHER
ALEMBICLTD,OTHER
ALICON,OTHER
ALIVUS,OTHER
ALKALI,OTHER
ALKEM,OTHER
ALKYLAMINE,OTHER
ALLDIGI,OTHER
ALLTIME,OTHER
ALPA,OTHER
ALPHA,OTHER
ALPHAGEO,OTHER
AMANTA,OTHER
AMBER,OTHER
AMBIKCO,OTHER
AMBUJACEM,OTHER
AMDIND,OTHER
AMJLAND,OTHER
AMNPLST,OTHER
AMRUTANJAN,OTHER
ANANDRATHI,OTHER
ANANTRAJ,OTHER
ANDHRAPAP,OTHER
ANDHRSUGAR,OTHER
ANGELONE,OTHER
ANIKINDS,OTHER
ANTELOPUS,OTHER
ANTHEM,OTHER
ANUHPHR,OTHER
ANUP,OTHER
ANURAS,OTHER
AONELIQUID,OTHER
APARINDS,OTHER
APCL,OTHER
APCOTEXIND,OTHER
APEX,OTHER
APLAPOLLO,OTHER
APLLTD,OTHER
APOLLO,OTHER
APOLLOHOSP,OTHER
APOLLOPIPE,OTHER
APOLLOTYRE,OTHER
APOLSINHOT,OTHER
APTECHT,OTHER
APTUS,OTHER
ARCHIDPLY,OTHER
ARE&M,OTHER
ARIES,OTHER
ARIHANTCAP,OTHER
ARIHANTSUP,OTHER
ARISINFRA,OTHER
ARKADE,OTHER
ARMANFIN,OTHER
ARROWGREEN,OTHER
ARSSBL,OTHER
ARTEMISMED,OTHER
ARTNIRMAN,OTHER
ARVEE,OTHER
ARVIND,OTHER
ARVINDFASN,OTHER
ARVSMART,OTHER
ASAHIINDIA,OTHER
ASAHISONG,OTHER
ASAL,OTHER
ASALCBR,OTHER
ASHAPURMIN,OTHER
ASHIANA,OTHER
ASHOKA,OTHER
ASHOKLEY,OTHER
ASIANENE,OTHER
ASIANHOTNR,OTHER
ASIANPAINT,OTHER
ASIANTILES,OTHER
ASKAUTOLTD,OTHER
ASPINWALL,OTHER
ASTEC,OTHER
ASTERDM,OTHER
ASTRAL,OTHER
ASTRAMICRO,OTHER
ASTRAZEN,OTHER
ATAM,OTHER
ATGL,OTHER
ATHERENERG,OTHER
ATLANTAELE,OTHER
ATLASCYCLE,OTHER
ATUL,OTHER
ATULAUTO,OTHER
AUBANK,OTHER
AURIONPRO,OTHER
AUROPHARMA,OTHER
AURUM,OTHER
AUSOMENT,OTHER
AUTOAXLES,OTHER
AUTOBEES,OTHER
AUTOIND,OTHER
AVADHSUGAR,OTHER
AVALON,OTHER
AVANTEL,OTHER
AVANTIFEED,OTHER
AVG,OTHER
AVL,OTHER
AVROIND,OTHER
AVTNPL,OTHER
AWFIS,OTHER
AWHCL,OTHER
AWL,OTHER
AXISBANK,OTHER
AXISBNKETF,OTHER
AXISCETF,OTHER
AXISGOLD,OTHER
AXISHCETF,OTHER
AXISILVER,OTHER
AXISNIFTY,OTHER
AXISTECETF,OTHER
AXSENSEX,OTHER
AYMSYNTEX,OTHER
AZAD,OTHER
BAJAJ-AUTO,OTHER
BAJAJCON,OTHER
BAJAJELEC,OTHER
BAJAJFINSV,OTHER
BAJAJHCARE,OTHER
BAJAJHFL,OTHER
BAJAJHLDNG,OTHER
BAJAJINDEF,OTHER
BAJEL,OTHER
BAJFINANCE,OTHER
BALAJITELE,OTHER
BALAMINES,OTHER
BALKRISIND,OTHER
BALMLAWRIE,OTHER
BALPHARMA,OTHER
BALRAMCHIN,OTHER
BALUFORGE,OTHER
BANARBEADS,OTHER
BANARISUG,OTHER
BANCOINDIA,OTHER
BANDHANBNK,OTHER
BANG,OTHER
BANKA,OTHER
BANKBARODA,OTHER
BANKBEES,OTHER
BANKBETF,OTHER
BANKETF,OTHER
BANKETFADD,OTHER
BANKIETF,OTHER
BANKINDIA,OTHER
BANKNIFTY1,OTHER
BANKPSU,OTHER
BANSALWIRE,OTHER
BANSWRAS,OTHER
BASF,OTHER
BATAINDIA,OTHER
BAYERCROP,OTHER
BBETF0432,OTHER
BBL,OTHER
BBNPNBETF,OTHER
BBNPPGOLD,OTHER
BBOX,OTHER
BBTC,OTHER
BBTCL,OTHER
BDL,OTHER
BECTORFOOD,OTHER
BEDMUTHA,OTHER
BEL,OTHER
BELLACASA,OTHER
BELRISE,OTHER
BEML,OTHER
BEPL,OTHER
BERGEPAINT,OTHER
BESTAGRO,OTHER
BFINVEST,OTHER
BHAGCHEM,OTHER
BHAGERIA,OTHER
BHAGYANGR,OTHER
BHARATFORG,OTHER
BHARATRAS,OTHER
BHARATSE,OTHER
BHARATWIRE,OTHER
BHARTIARTL,OTHER
BHARTIHEXA,OTHER
BHEL,OTHER
BIGBLOC,OTHER
BIKAJI,OTHER
BIL,OTHER
BIOCON,OTHER
BIRLACABLE,OTHER
BIRLACORPN,OTHER
BIRLAMONEY,OTHER
BIRLANU,OTHER
BLACKBUCK,OTHER
BLAL,OTHER
BLISSGVS,OTHER
BLKASHYAP,OTHER
BLS,OTHER
BLSE,OTHER
BLUEDART,OTHER
BLUEJET,OTHER
BLUESTARCO,OTHER
BLUESTONE,OTHER
BLUSPRING,OTHER
BMWVENTLTD,OTHER
BODALCHEM,OTHER
BOMDYEING,OTHER
BORANA,OTHER
BOROLTD,OTHER
BORORENEW,OTHER
BOROSCI,OTHER
BOSCHLTD,OTHER
BPCL,OTHER
BPL,OTHER
BRIGADE,OTHER
BRIGHOTEL,OTHER
BRITANNIA,OTHER
BROOKS,OTHER
BSE,OTHER
BSHSL,OTHER
BSL,OTHER
BSLGOLDETF,OTHER
BSLSENETFG,OTHER
BSOFT,OTHER
BUTTERFLY,OTHER
BYKE,OTHER
CAMLINFINE,OTHER
CAMPUS,OTHER
CAMS,OTHER
CANBK,OTHER
CANFINHOME,OTHER
CANHLIFE,OTHER
CANTABIL,OTHER
CAPACITE,OTHER
CAPITALSFB,OTHER
CAPLIPOINT,OTHER
CARBORUNIV,OTHER
CARERATING,OTHER
CARRARO,OTHER
CARTRADE,OTHER
CARYSIL,OTHER
CASHIETF,OTHER
CASTROLIND,OTHER
CCL,OTHER
CDSL,OTHER
CEATLTD,OTHER
CEIGALL,OTHER
CELLO,OTHER
CEMPRO,OTHER
CENTENKA,OTHER
CENTUM,OTHER
CENTURYPLY,OTHER
CERA,OTHER
CESC,OTHER
CEWATER,OTHER
CGCL,OTHER
CGPOWER,OTHER
CHALET,OTHER
CHAMBLFERT,OTHER
CHEMBOND,OTHER
CHEMBONDCH,OTHER
CHEMCON,OTHER
CHEMFAB,OTHER
CHEMPLASTS,OTHER
CHENNPETRO,OTHER
CHEVIOT,OTHER
CHOICEGOLD,OTHER
CHOICEIN,OTHER
CHOLAFIN,OTHER
CHOLAHLDNG,OTHER
CIEINDIA,OTHER
CIGNITITEC,OTHER
CINELINE,OTHER
CIPLA,OTHER
CLEAN,OTHER
CLSEL,OTHER
CMSINFO,OTHER
COALINDIA,OTHER
COCHINSHIP,OTHER
COFORGE,OTHER
COHANCE,OTHER
COLPAL,OTHER
COMMOIETF,OTHER
CONCOR,OTHER
CONCORDBIO,OTHER
CONS,OTHER
CONSOFINVT,OTHER
CONSUMBEES,OTHER
CONSUMIETF,OTHER
CONTROLPR,OTHER
CORDSCABLE,OTHER
COROMANDEL,OTHER
COSMOFIRST,OTHER
CPCAP,OTHER
CPEDU,OTHER
CPPLUS,OTHER
CPSEETF,OTHER
CRAFTSMAN,OTHER
CRAMC,OTHER
CREATIVE,OTHER
CREDITACC,OTHER
CREST,OTHER
CRISIL,OTHER
CRIZAC,OTHER
CROMPTON,OTHER
CROWN,OTHER
CSBBANK,OTHER
CSLFINANCE,OTHER
CUB,OTHER
CUBEXTUB,OTHER
CUMMINSIND,OTHER
CUPID,OTHER
CYIENT,OTHER
CYIENTDLM,OTHER
DABUR,OTHER
DALBHARAT,OTHER
DALMIASUG,OTHER
DAMCAPITAL,OTHER
DATAMATICS,OTHER
DATAPATTNS,OTHER
DBCORP,OTHER
DBEIL,OTHER
DBL,OTHER
DBOL,OTHER
DBREALTY,OTHER
DCAL,OTHER
DCBBANK,OTHER
DCI,OTHER
DCM,OTHER
DCMNVL,OTHER
DCMSHRIRAM,OTHER
DCMSRIND,OTHER
DCW,OTHER
DCXINDIA,OTHER
DDEVPLSTIK,OTHER
DECCANCE,OTHER
DEEDEV,OTHER
DEEPAKFERT,OTHER
DEEPAKNTR,OTHER
DEEPINDS,OTHER
DELHIVERY,OTHER
DELPHIFX,OTHER
DELTACORP,OTHER
DELTAMAGNT,OTHER
DENORA,OTHER
DENTA,OTHER
DEVYANI,OTHER
DHAMPURSUG,OTHER
DHANUKA,OTHER
DHARMAJ,OTHER
DHRUV,OTHER
DHUNINV,OTHER
DIACABS,OTHER
DIAMINESQ,OTHER
DIAMONDYD,OTHER
DICIND,OTHER
DIFFNKG,OTHER
DIGITIDE,OTHER
DIVGIITTS,OTHER
DIVISLAB,OTHER
DIVOPPBEES,OTHER
DIXON,OTHER
DJML,OTHER
DLF,OTHER
DLINKINDIA,OTHER
DMART,OTHER
DMCC,OTHER
DODLA,OTHER
DOLATALGO,OTHER
DOLLAR,OTHER
DOLPHIN,OTHER
DOMS,OTHER
DONEAR,OTHER
DPABHUSHAN,OTHER
DPWIRES,OTHER
DREAMFOLKS,OTHER
DREDGECORP,OTHER
DRREDDY,OTHER
DSSL,OTHER
DTIL,OTHER
DVL,OTHER
DYCL,OTHER
DYNAMATECH,OTHER
DYNPRO,OTHER
E2E,OTHER
EBANKNIFTY,OTHER
EBBETF0430,OTHER
EBBETF0431,OTHER
EBBETF0433,OTHER
EBGNG,OTHER
ECLERX,OTHER
ECOSMOBLTY,OTHER
EDELWEISS,OTHER
EFCIL,OTHER
EGOLD,OTHER
EICHERMOT,OTHER
EIDPARRY,OTHER
EIEL,OTHER
EIFFL,OTHER
EIHAHOTELS,OTHER
EIHOTEL,OTHER
EIMCOELECO,OTHER
EKC,OTHER
ELDEHSG,OTHER
ELECON,OTHER
ELECTCAST,OTHER
ELECTHERM,OTHER
ELGIEQUIP,OTHER
ELIN,OTHER
ELIQUID,OTHER
ELLEN,OTHER
EMAMILTD,OTHER
EMAMIPAP,OTHER
EMAMIREAL,OTHER
EMBDL,OTHER
EMCURE,OTHER
EMIL,OTHER
EMMBI,OTHER
EMMVEE,OTHER
EMSLIMITED,OTHER
EMUDHRA,OTHER
ENDURANCE,OTHER
ENGINERSIN,OTHER
ENIL,OTHER
ENRIN,OTHER
ENTERO,OTHER
EPACK,OTHER
EPACKPEB,OTHER
EPIGRAL,OTHER
EPL,OTHER
EQUAL50,OTHER
EQUAL50ADD,OTHER
EQUITASBNK,OTHER
ERIS,OTHER
ESABINDIA,OTHER
ESCORTS,OTHER
ESILVER,OTHER
ESTER,OTHER
ETERNAL,OTHER
ETHOSLTD,OTHER
EUREKAFORB,OTHER
EUROBOND,OTHER
EUROPRATIK,OTHER
EVEREADY,OTHER
EVERESTIND,OTHER
EXCELINDUS,OTHER
EXICOM,OTHER
EXIDEIND,OTHER
EXPLEOSOL,OTHER
FABTECH,OTHER
FACT,OTHER
FAIRCHEMOR,OTHER
FAZE3Q,OTHER
FDC,OTHER
FEDERALBNK,OTHER
FEDFINA,OTHER
FIEMIND,OTHER
FILATEX,OTHER
FINCABLES,OTHER
FINEORG,OTHER
FINKURVE,OTHER
FINOPB,OTHER
FINPIPE,OTHER
FIRSTCRY,OTHER
FISCHER,OTHER
FIVESTAR,OTHER
FLAIR,OTHER
FLUOROCHEM,OTHER
FMCGIETF,OTHER
FMGOETZE,OTHER
FOCUS,OTHER
FOODSIN,OTHER
FORCEMOT,OTHER
FORTIS,OTHER
FOSECOIND,OTHER
FSL,OTHER
FUSION,OTHER
GABRIEL,OTHER
GAEL,OTHER
GAIL,OTHER
GALAPREC,OTHER
GALAXYSURF,OTHER
GALLANTT,OTHER
GANDHAR,OTHER
GANDHITUBE,OTHER
GANECOS,OTHER
GANESHBE,OTHER
GANESHCP,OTHER
GANESHHOU,OTHER
GANGESSECU,OTHER
GARFIBRES,OTHER
GARUDA,OTHER
GATEWAY,OTHER
GCSL,OTHER
GEECEE,OTHER
GEMAROMA,OTHER
GENESYS,OTHER
GENUSPOWER,OTHER
GEOJITFSL,OTHER
GESHIP,OTHER
GFLLIMITED,OTHER
GHCL,OTHER
GHCLTEXTIL,OTHER
GICHSGFIN,OTHER
GICRE,OTHER
GILLANDERS,OTHER
GILLETTE,OTHER
GILT5YBEES,OTHER
GIPCL,OTHER
GKENERGY,OTHER
GKWLIMITED,OTHER
GLAND,OTHER
GLAXO,OTHER
GLENMARK,OTHER
GLOBAL,OTHER
GLOBALVECT,OTHER
GLOBECIVIL,OTHER
GLOBUSSPR,OTHER
GLOSTERLTD,OTHER
GLOTTIS,OTHER
GMBREW,OTHER
GMDCLTD,OTHER
GMMPFAUDLR,OTHER
GMRAIRPORT,OTHER
GMRP&UI,OTHER
GNA,OTHER
GNFC,OTHER
GOACARBON,OTHER
GOCLCORP,OTHER
GOCOLORS,OTHER
GODAVARIB,OTHER
GODFRYPHLP,OTHER
GODIGIT,OTHER
GODREJAGRO,OTHER
GODREJCP,OTHER
GODREJIND,OTHER
GODREJPROP,OTHER
GOKEX,OTHER
GOKULAGRO,OTHER
GOLD1,OTHER
GOLD360,OTHER
GOLDBEES,OTHER
GOLDETF,OTHER
GOLDETFADD,OTHER
GOLDIAM,OTHER
GOLDIETF,OTHER
GOLDSHARE,OTHER
GOLDTECH,OTHER
GOODLUCK,OTHER
GOPAL,OTHER
GPIL,OTHER
GPPL,OTHER
GPTHEALTH,OTHER
GPTINFRA,OTHER
GRANULES,OTHER
GRAPHITE,OTHER
GRASIM,OTHER
GRAVITA,OTHER
GREAVESCOT,OTHER
GREENLAM,OTHER
GREENPANEL,OTHER
GREENPLY,OTHER
GRINDWELL,OTHER
GRINFRA,OTHER
GRMOVER,OTHER
GROBTEA,OTHER
GROWW,OTHER
GROWWDEFNC,OTHER
GROWWGOLD,OTHER
GROWWLIQID,OTHER
GROWWMC150,OTHER
GROWWNXT50,OTHER
GROWWSLVR,OTHER
GRPLTD,OTHER
GRSE,OTHER
GRWRHITECH,OTHER
GSEC10ABSL,OTHER
GSEC10IETF,OTHER
GSEC5IETF,OTHER
GSFC,OTHER
GSLSU,OTHER
GSPL,OTHER
GTPL,OTHER
GUFICBIO,OTHER
GUJALKALI,OTHER
GUJGASLTD,OTHER
GUJTHEM,OTHER
GULFOILLUB,OTHER
GULPOLY,OTHER
GVPIL,OTHER
GVT&D,OTHER
HAL,OTHER
HAPPSTMNDS,OTHER
HAPPYFORGE,OTHER
HARIOMPIPE,OTHER
HARRMALAYA,OTHER
HARSHA,OTHER
HATSUN,OTHER
HAVELLS,OTHER
HBLENGINE,OTHER
HCG,OTHER
HCLTECH,OTHER
HDBFS,OTHER
HDFCAMC,OTHER
HDFCBANK,OTHER
HDFCGOLD,OTHER
HDFCGROWTH,OTHER
HDFCLIFE,OTHER
HDFCLIQUID,OTHER
HDFCNEXT50,OTHER
HDFCNIFBAN,OTHER
HDFCNIFTY,OTHER
HDFCPSUBK,OTHER
HDFCQUAL,OTHER
HDFCSENSEX,OTHER
HDFCSILVER,OTHER
HDFCSML250,OTHER
HDFCVALUE,OTHER
HEALTHADD,OTHER
HEALTHIETF,OTHER
HECPROJECT,OTHER
HEG,OTHER
HEIDELBERG,OTHER
HEMIPROP,OTHER
HERANBA,OTHER
HERCULES,OTHER
HERITGFOOD,OTHER
HEROMOTOCO,OTHER
HESTERBIO,OTHER
HEUBACHIND,OTHER
HEXATRADEX,OTHER
HEXT,OTHER
HFCL,OTHER
HGINFRA,OTHER
HGS,OTHER
HIKAL,OTHER
HILINFRA,OTHER
HIMATSEIDE,OTHER
HINDALCO,OTHER
HINDCOMPOS,OTHER
HINDCOPPER,OTHER
HINDOILEXP,OTHER
HINDPETRO,OTHER
HINDUNILVR,OTHER
HINDWAREAP,OTHER
HINDZINC,OTHER
HIRECT,OTHER
HISARMETAL,OTHER
HITECH,OTHER
HITECHCORP,OTHER
HLEGLAS,OTHER
HMVL,OTHER
HNDFDS,OTHER
HNGSNGBEES,OTHER
HOMEFIRST,OTHER
HONASA,OTHER
HONAUT,OTHER
HONDAPOWER,OTHER
HPIL,OTHER
HPL,OTHER
HSCL,OTHER
HUBTOWN,OTHER
HUDCO,OTHER
HUHTAMAKI,OTHER
HYUNDAI,OTHER
ICEMAKE,OTHER
ICICIB22,OTHER
ICICIBANK,OTHER
ICICIGI,OTHER
ICICIPRULI,OTHER
ICIL,OTHER
ICRA,OTHER
IDBI,OTHER
IDEAFORGE,OTHER
IDFCFIRSTB,OTHER
IDFNIFTYET,OTHER
IEX,OTHER
IFBAGRO,OTHER
IFBIND,OTHER
IFCI,OTHER
IFGLEXPOR,OTHER
IGARASHI,OTHER
IGCL,OTHER
IGIL,OTHER
IGL,OTHER
IGPL,OTHER
IIFL,OTHER
IIFLCAPS,OTHER
IITL,OTHER
IKIO,OTHER
IKS,OTHER
IMAGICAA,OTHER
IMFA,OTHER
IMPAL,OTHER
INDGN,OTHER
INDHOTEL,OTHER
INDIACEM,OTHER
INDIAGLYCO,OTHER
INDIAMART,OTHER
INDIANB,OTHER
INDIANCARD,OTHER
INDIANHUME,OTHER
INDIASHLTR,OTHER
INDIGO,OTHER
INDIGOPNTS,OTHER
INDIQUBE,OTHER
INDNIPPON,OTHER
INDOAMIN,OTHER
INDOBORAX,OTHER
INDOCO,OTHER
INDOFARM,OTHER
INDORAMA,OTHER
INDOSTAR,OTHER
INDOTECH,OTHER
INDOUS,OTHER
INDRAMEDCO,OTHER
INDSWFTLAB,OTHER
INDUSINDBK,OTHER
INDUSTOWER,OTHER
INFOBEAN,OTHER
INFRABEES,OTHER
INFRAIETF,OTHER
INFY,OTHER
INGERRAND,OTHER
INNOVACAP,OTHER
INNOVANA,OTHER
INOXGREEN,OTHER
INOXINDIA,OTHER
INOXWIND,OTHER
INSECTICID,OTHER
INSPIRISYS,OTHER
INTELLECT,OTHER
INTERARCH,OTHER
INTLCONV,OTHER
IOC,OTHER
IOLCP,OTHER
IONEXCHANG,OTHER
IPCALAB,OTHER
IPL,OTHER
IRCON,OTHER
IRCTC,OTHER
IREDA,OTHER
IRFC,OTHER
IRIS,OTHER
IRMENERGY,OTHER
ISFT,OTHER
ISGEC,OTHER
ITC,OTHER
ITCHOTELS,OTHER
ITDC,OTHER
ITI,OTHER
IVALUE,OTHER
IVP,OTHER
IVZINGOLD,OTHER
IVZINNIFTY,OTHER
IXIGO,OTHER
J&KBANK,OTHER
JAGRAN,OTHER
JAGSNPHARM,OTHER
JAIBALAJI,OTHER
JAICORPLTD,OTHER
JAINREC,OTHER
JAMNAAUTO,OTHER
JARO,OTHER
JASH,OTHER
JAYAGROGN,OTHER
JAYBARMARU,OTHER
JAYNECOIND,OTHER
JAYSREETEA,OTHER
JBCHEPHARM,OTHER
JBMA,OTHER
JCHAC,OTHER
JGCHEM,OTHER
JINDALPHOT,OTHER
JINDALPOLY,OTHER
JINDALSAW,OTHER
JINDALSTEL,OTHER
JINDRILL,OTHER
JIOFIN,OTHER
JKCEMENT,OTHER
JKIL,OTHER
JKIPL,OTHER
JKLAKSHMI,OTHER
JKPAPER,OTHER
JKTYRE,OTHER
JLHL,OTHER
JMA,OTHER
JMFINANCIL,OTHER
JNKINDIA,OTHER
JOCIL,OTHER
JPOLYINVST,OTHER
JSFB,OTHER
JSL,OTHER
JSLL,OTHER
JSWCEMENT,OTHER
JSWENERGY,OTHER
JSWHL,OTHER
JSWINFRA,OTHER
JSWSTEEL,OTHER
JTEKTINDIA,OTHER
JTLIND,OTHER
JUBLFOOD,OTHER
JUBLINGREA,OTHER
JUBLPHARMA,OTHER
JUNIORBEES,OTHER
JUNIPER,OTHER
JUSTDIAL,OTHER
JWL,OTHER
JYOTHYLAB,OTHER
JYOTICNC,OTHER
KABRAEXTRU,OTHER
KAJARIACER,OTHER
KAKATCEM,OTHER
KALAMANDIR,OTHER
KALPATARU,OTHER
KALYANIFRG,OTHER
KALYANKJIL,OTHER
KAMATHOTEL,OTHER
KANORICHEM,OTHER
KANPRPLA,OTHER
KANSAINER,OTHER
KAPSTON,OTHER
KARURVYSYA,OTHER
KAYA,OTHER
KAYNES,OTHER
KCP,OTHER
KDDL,OTHER
KEC,OTHER
KECL,OTHER
KEI,OTHER
KERNEX,OTHER
KEYFINSERV,OTHER
KFINTECH,OTHER
KHADIM,OTHER
KHAICHEM,OTHER
KHAITANLTD,OTHER
KICL,OTHER
KILITCH,OTHER
KIMS,OTHER
KIRIINDUS,OTHER
KIRLOSBROS,OTHER
KIRLOSENG,OTHER
KIRLOSIND,OTHER
KIRLPNU,OTHER
KITEX,OTHER
KKCL,OTHER
KMEW,OTHER
KNRCON,OTHER
KOKUYOCMLN,OTHER
KOLTEPATIL,OTHER
KOPRAN,OTHER
KOTAKBANK,OTHER
KOTHARIPET,OTHER
KOTHARIPRO,OTHER
KPEL,OTHER
KPIGREEN,OTHER
KPIL,OTHER
KPITTECH,OTHER
KPRMILL,OTHER
KRBL,OTHER
KREBSBIO,OTHER
KRISHANA,OTHER
KRISHIVAL,OTHER
KRITI,OTHER
KRITINUT,OTHER
KRN,OTHER
KRONOX,OTHER
KROSS,OTHER
KRSNAA,OTHER
KRYSTAL,OTHER
KSB,OTHER
KSCL,OTHER
KSL,OTHER
KSOLVES,OTHER
KTKBANK,OTHER
KUANTUM,OTHER
LAGNAM,OTHER
LALPATHLAB,OTHER
LAMBODHARA,OTHER
LANDMARK,OTHER
LAOPALA,OTHER
LATENTVIEW,OTHER
LAURUSLABS,OTHER
LAXMIDENTL,OTHER
LAXMIINDIA,OTHER
LEMONTREE,OTHER
LENSKART,OTHER
LFIC,OTHER
LGBBROSLTD,OTHER
LGEINDIA,OTHER
LGHL,OTHER
LIBERTSHOE,OTHER
LICHSGFIN,OTHER
LICI,OTHER
LICMFGOLD,OTHER
LICNETFN50,OTHER
LICNETFSEN,OTHER
LICNFNHGP,OTHER
LICNMID100,OTHER
LIKHITHA,OTHER
LINC,OTHER
LINCOLN,OTHER
LINDEINDIA,OTHER
LIQGRWBEES,OTHER
LIQUID,OTHER
LIQUID1,OTHER
LIQUIDADD,OTHER
LIQUIDBEES,OTHER
LIQUIDBETF,OTHER
LIQUIDCASE,OTHER
LIQUIDETF,OTHER
LIQUIDIETF,OTHER
LIQUIDPLUS,OTHER
LIQUIDSBI,OTHER
LIQUIDSHRI,OTHER
LLOYDSENGG,OTHER
LLOYDSENT,OTHER
LLOYDSME,OTHER
LMW,OTHER
LODHA,OTHER
LOKESHMACH,OTHER
LORDSCHLO,OTHER
LOTUSDEV,OTHER
LOVABLE,OTHER
LOWVOL,OTHER
LOYALTEX,OTHER
LT,OTHER
LTF,OTHER
LTFOODS,OTHER
LTIM,OTHER
LTTS,OTHER
LUMAXIND,OTHER
LUMAXTECH,OTHER
LUPIN,OTHER
LUXIND,OTHER
LXCHEM,OTHER
LYKALABS,OTHER
M&M,OTHER
M&MFIN,OTHER
MAANALU,OTHER
MACPOWER,OTHER
MADRASFERT,OTHER
MAFANG,OTHER
MAGADSUGAR,OTHER
MAHABANK,OTHER
MAHAPEXLTD,OTHER
MAHEPC,OTHER
MAHESHWARI,OTHER
MAHLIFE,OTHER
MAHLOG,OTHER
MAHSCOOTER,OTHER
MAHSEAMLES,OTHER
MAITHANALL,OTHER
MAKEINDIA,OTHER
MALLCOM,OTHER
MAMATA,OTHER
MANAKCOAT,OTHER
MANAKSIA,OTHER
MANAKSTEEL,OTHER
MANALIPETC,OTHER
MANAPPURAM,OTHER
MANBA,OTHER
MANCREDIT,OTHER
MANGALAM,OTHER
MANGLMCEM,OTHER
MANINDS,OTHER
MANINFRA,OTHER
MANKIND,OTHER
MANOMAY,OTHER
MANORAMA,OTHER
MANORG,OTHER
MANUFGBEES,OTHER
MANYAVAR,OTHER
MAPMYINDIA,OTHER
MARALOVER,OTHER
MARATHON,OTHER
MARICO,OTHER
MARINE,OTHER
MARKOLINES,OTHER
MARKSANS,OTHER
MARUTI,OTHER
MASFIN,OTHER
MASPTOP50,OTHER
MASTEK,OTHER
MASTERTR,OTHER
MATRIMONY,OTHER
MAWANASUG,OTHER
MAXESTATES,OTHER
MAXHEALTH,OTHER
MAXIND,OTHER
MAYURUNIQ,OTHER
MAZDA,OTHER
MAZDOCK,OTHER
MBAPL,OTHER
MBEL,OTHER
MCLOUD,OTHER
MCX,OTHER
MEDANTA,OTHER
MEDIASSIST,OTHER
MEDICAMEQ,OTHER
MEDPLUS,OTHER
MEIL,OTHER
MENONBE,OTHER
METROBRAND,OTHER
METROPOLIS,OTHER
MFSL,OTHER
MGL,OTHER
MHLXMIRU,OTHER
MHRIL,OTHER
MID150BEES,OTHER
MIDCAP,OTHER
MIDHANI,OTHER
MIDQ50ADD,OTHER
MIDWESTLTD,OTHER
MINDACORP,OTHER
MINDTECK,OTHER
MITCON,OTHER
MMFL,OTHER
MMP,OTHER
MMTC,OTHER
MOALPHA50,OTHER
MOBIKWIK,OTHER
MODEFENCE,OTHER
MODIRUBBER,OTHER
MODIS,OTHER
MODISONLTD,OTHER
MOGOLD,OTHER
MOGSEC,OTHER
MOIL,OTHER
MOINFRA,OTHER
MOL,OTHER
MOLDTECH,OTHER
MOLDTKPAC,OTHER
MOM100,OTHER
MOM50,OTHER
MOMENTUM50,OTHER
MOMGF,OTHER
MOMIDMTM,OTHER
MOMOMENTUM,OTHER
MON100,OTHER
MONARCH,OTHER
MONEXT50,OTHER
MONEYBOXX,OTHER
MONQ50,OTHER
MONTECARLO,OTHER
MOPSE,OTHER
MOQUALITY,OTHER
MOREALTY,OTHER
MOSCHIP,OTHER
MOSILVER,OTHER
MOTHERSON,OTHER
MOTILALOFS,OTHER
MOTOUR,OTHER
MOVALUE,OTHER
MPHASIS,OTHER
MPSLTD,OTHER
MRF,OTHER
MRPL,OTHER
MSTCLTD,OTHER
MTARTECH,OTHER
MUFIN,OTHER
MUFTI,OTHER
MUKANDLTD,OTHER
MUKTAARTS,OTHER
MUNJALAU,OTHER
MUNJALSHOW,OTHER
MUTHOOTCAP,OTHER
MUTHOOTFIN,OTHER
MUTHOOTMF,OTHER
MVGJL,OTHER
MWL,OTHER
NAHARCAP,OTHER
NAHARINDUS,OTHER
NAHARPOLY,OTHER
NAHARSPING,OTHER
NAM-INDIA,OTHER
NATCOPHARM,OTHER
NATHBIOGEN,OTHER
NATIONALUM,OTHER
NAUKRI,OTHER
NAVA,OTHER
NAVINFLUOR,OTHER
NAVKARCORP,OTHER
NAVNETEDUL,OTHER
NAZARA,OTHER
NBCC,OTHER
NBIFIN,OTHER
NCC,OTHER
NCLIND,OTHER
NDGL,OTHER
NDRAUTO,OTHER
NDTV,OTHER
NELCAST,OTHER
NELCO,OTHER
NEOGEN,OTHER
NESCO,OTHER
NESTLEIND,OTHER
NETF,OTHER
NETWEB,OTHER
NEULANDLAB,OTHER
NEWGEN,OTHER
NEXT50,OTHER
NEXT50IETF,OTHER
NFL,OTHER
NGLFINE,OTHER
NH,OTHER
NHPC,OTHER
NIACL,OTHER
NIBE,OTHER
NIF100BEES,OTHER
NIF5GETF,OTHER
NIFITETF,OTHER
NIFMID150,OTHER
NIFTY1,OTHER
NIFTY50ADD,OTHER
NIFTYBEES,OTHER
NIFTYBETF,OTHER
NIFTYETF,OTHER
NIFTYIETF,OTHER
NIITLTD,OTHER
NIITMTS,OTHER
NILKAMAL,OTHER
NINSYS,OTHER
NIPPOBATRY,OTHER
NIRAJISPAT,OTHER
NITCO,OTHER
NITINSPIN,OTHER
NITIRAJ,OTHER
NIVABUPA,OTHER
NKIND,OTHER
NLCINDIA,OTHER
NMDC,OTHER
NOCIL,OTHER
NORTHARC,OTHER
NPBET,OTHER
NPST,OTHER
NRAIL,OTHER
NRBBEARING,OTHER
NRL,OTHER
NSIL,OTHER
NTPC,OTHER
NTPCGREEN,OTHER
NUCLEUS,OTHER
NUVAMA,OTHER
NUVOCO,OTHER
NV20,OTHER
NV20BEES,OTHER
NYKAA,OTHER
OAL,OTHER
OBCL,OTHER
OBEROIRLTY,OTHER
OCCLLTD,OTHER
OFSS,OTHER
OIL,OTHER
OILCOUNTUB,OTHER
OLECTRA,OTHER
OMAXAUTO,OTHER
OMAXE,OTHER
OMFREIGHT,OTHER
OMINFRAL,OTHER
ONEPOINT,OTHER
ONESOURCE,OTHER
ONGC,OTHER
ONMOBILE,OTHER
ONWARDTEC,OTHER
OPTIEMUS,OTHER
ORBTEXP,OTHER
ORCHPHARMA,OTHER
ORICONENT,OTHER
ORIENTBELL,OTHER
ORIENTCEM,OTHER
ORIENTELEC,OTHER
ORIENTHOT,OTHER
ORIENTLTD,OTHER
ORIENTTECH,OTHER
ORISSAMINE,OTHER
ORKLAINDIA,OTHER
OSWALAGRO,OTHER
OSWALPUMPS,OTHER
PACEDIGITK,OTHER
PAGEIND,OTHER
PAKKA,OTHER
PALASHSECU,OTHER
PANACEABIO,OTHER
PANAMAPET,OTHER
PANSARI,OTHER
PAR,OTHER
PARADEEP,OTHER
PARAGMILK,OTHER
PARAS,OTHER
PARKHOTELS,OTHER
PASHUPATI,OTHER
PASUPTAC,OTHER
PATANJALI,OTHER
PATELRMART,OTHER
PAYTM,OTHER
PCBL,OTHER
PDMJEPAPER,OTHER
PDSL,OTHER
PENIND,OTHER
PERSISTENT,OTHER
PETRONET,OTHER
PFC,OTHER
PFIZER,OTHER
PFOCUS,OTHER
PGEL,OTHER
PGHH,OTHER
PGHL,OTHER
PGIL,OTHER
PHOENIXLTD,OTHER
PICCADIL,OTHER
PIDILITIND,OTHER
PIIND,OTHER
PILANIINVS,OTHER
PINELABS,OTHER
PITTIENG,OTHER
PIXTRANS,OTHER
PLASTIBLEN,OTHER
PLATIND,OTHER
PNB,OTHER
PNBGILTS,OTHER
PNBHOUSING,OTHER
PNCINFRA,OTHER
PNGJL,OTHER
POCL,OTHER
PODDARMENT,OTHER
POKARNA,OTHER
POLICYBZR,OTHER
POLYCAB,OTHER
POLYMED,OTHER
POLYPLEX,OTHER
PONNIERODE,OTHER
POONAWALLA,OTHER
POWERGRID,OTHER
POWERINDIA,OTHER
POWERMECH,OTHER
PPAP,OTHER
PPL,OTHER
PPLPHARMA,OTHER
PRABHA,OTHER
PRAJIND,OTHER
PRAKASH,OTHER
PRECAM,OTHER
PRECOT,OTHER
PRECWIRE,OTHER
PREMEXPLN,OTHER
PREMIERENE,OTHER
PRESTIGE,OTHER
PRICOLLTD,OTHER
PRIMESECU,OTHER
PRINCEPIPE,OTHER
PRITI,OTHER
PRIVISCL,OTHER
PROSTARM,OTHER
PROTEAN,OTHER
PRSMJOHNSN,OTHER
PRUDENT,OTHER
PSPPROJECT,OTHER
PSUBANK,OTHER
PSUBANKADD,OTHER
PSUBNKBEES,OTHER
PSUBNKIETF,OTHER
PTC,OTHER
PTCIL,OTHER
PUNJABCHEM,OTHER
PURVA,OTHER
PVRINOX,OTHER
PVSL,OTHER
PWL,OTHER
PYRAMID,OTHER
QGOLDHALF,OTHER
QNIFTY,OTHER
QPOWER,OTHER
QUADFUTURE,OTHER
QUESS,OTHER
QUICKHEAL,OTHER
RACE,OTHER
RACLGEAR,OTHER
RADHIKAJWE,OTHER
RADIANTCMS,OTHER
RADICO,OTHER
RAILTEL,OTHER
RAIN,OTHER
RAINBOW,OTHER
RAJESHEXPO,OTHER
RAJOOENG,OTHER
RAJRATAN,OTHER
RALLIS,OTHER
RAMAPHO,OTHER
RAMCOCEM,OTHER
RAMCOIND,OTHER
RAMCOSYS,OTHER
RAMKY,OTHER
RAMRAT,OTHER
RANEHOLDIN,OTHER
RATEGAIN,OTHER
RATNAMANI,OTHER
RATNAVEER,OTHER
RAYMOND,OTHER
RAYMONDLSL,OTHER
RAYMONDREL,OTHER
RBA,OTHER
RBLBANK,OTHER
RBZJEWEL,OTHER
RCF,OTHER
RECLTD,OTHER
REDINGTON,OTHER
REDTAPE,OTHER
REFEX,OTHER
REGAAL,OTHER
RELAXO,OTHER
RELCHEMQ,OTHER
RELIANCE,OTHER
RELIGARE,OTHER
RELTD,OTHER
REMSONSIND,OTHER
REPCOHOME,OTHER
REPL,OTHER
REPRO,OTHER
RESPONIND,OTHER
RGL,OTHER
RHIM,OTHER
RHL,OTHER
RICOAUTO,OTHER
RIIL,OTHER
RITCO,OTHER
RITES,OTHER
RKEC,OTHER
RKFORGE,OTHER
RKSWAMY,OTHER
RMDRIP,OTHER
RML,OTHER
RNBDENIMS,OTHER
ROHLTD,OTHER
ROLEXRINGS,OTHER
ROML,OTHER
ROSSARI,OTHER
ROSSELLIND,OTHER
ROSSTECH,OTHER
ROTO,OTHER
ROUTE,OTHER
RPEL,OTHER
RPGLIFE,OTHER
RPPINFRA,OTHER
RPSGVENT,OTHER
RPTECH,OTHER
RRKABEL,OTHER
RSSOFTWARE,OTHER
RSWM,OTHER
RSYSTEMS,OTHER
RUBFILA,OTHER
RUBICON,OTHER
RUBYMILLS,OTHER
RUCHIRA,OTHER
RUPA,OTHER
RUSTOMJEE,OTHER
RVNL,OTHER
RVTH,OTHER
S&SPOWER,OTHER
SAATVIKGL,OTHER
SABTNL,OTHER
SAFARI,OTHER
SAGCEM,OTHER
SAGILITY,OTHER
SAHYADRI,OTHER
SAIL,OTHER
SAILIFE,OTHER
SAKAR,OTHER
SAKSOFT,OTHER
SALONA,OTHER
SALZERELEC,OTHER
SAMBHV,OTHER
SAMHI,OTHER
SAMMAANCAP,OTHER
SANATHAN,OTHER
SANDESH,OTHER
SANDHAR,OTHER
SANDUMA,OTHER
SANGAMIND,OTHER
SANGHIIND,OTHER
SANGHVIMOV,OTHER
SANOFI,OTHER
SANOFICONR,OTHER
SANSERA,OTHER
SANSTAR,OTHER
SAPPHIRE,OTHER
SARDAEN,OTHER
SAREGAMA,OTHER
SARLAPOLY,OTHER
SASKEN,OTHER
SASTASUNDR,OTHER
SATIA,OTHER
SATIN,OTHER
SAURASHCEM,OTHER
SBCL,OTHER
SBFC,OTHER
SBIBPB,OTHER
SBICARD,OTHER
SBIETFCON,OTHER
SBIETFIT,OTHER
SBIETFPB,OTHER
SBIETFQLTY,OTHER
SBILIFE,OTHER
SBILIQETF,OTHER
SBIN,OTHER
SBISILVER,OTHER
SCHAEFFLER,OTHER
SCHAND,OTHER
SCHNEIDER,OTHER
SCI,OTHER
SCODATUBES,OTHER
SCPL,OTHER
SDBL,OTHER
SDL26BEES,OTHER
SEAMECLTD,OTHER
SECMARK,OTHER
SEMAC,OTHER
SENCO,OTHER
SENORES,OTHER
SENSEXADD,OTHER
SENSEXETF,OTHER
SENSEXIETF,OTHER
SEQUENT,OTHER
SERVOTECH,OTHER
SESHAPAPER,OTHER
SETF10GILT,OTHER
SETFGOLD,OTHER
SETFNIF50,OTHER
SETFNIFBK,OTHER
SETFNN50,OTHER
SFL,OTHER
SGFIN,OTHER
SGIL,OTHER
SGLTL,OTHER
SGMART,OTHER
SHAHALLOYS,OTHER
SHAILY,OTHER
SHAKTIPUMP,OTHER
SHALBY,OTHER
SHALPAINTS,OTHER
SHANKARA,OTHER
SHANTIGEAR,OTHER
SHANTIGOLD,OTHER
SHARDACROP,OTHER
SHARDAMOTR,OTHER
SHAREINDIA,OTHER
SHARIABEES,OTHER
SHEMAROO,OTHER
SHILPAMED,OTHER
SHIVALIK,OTHER
SHIVAMILLS,OTHER
SHIVATEX,OTHER
SHIVAUM,OTHER
SHK,OTHER
SHOPERSTOP,OTHER
SHREDIGCEM,OTHER
SHREECEM,OTHER
SHREEJISPG,OTHER
SHREEPUSHK,OTHER
SHREYANIND,OTHER
SHRINGARMS,OTHER
SHRIPISTON,OTHER
SHRIRAMFIN,OTHER
SHRIRAMPPS,OTHER
SHYAMMETL,OTHER
SIEMENS,OTHER
SIGIND,OTHER
SIGNATURE,OTHER
SIGNPOST,OTHER
SILINV,OTHER
SILVER,OTHER
SILVER1,OTHER
SILVER360,OTHER
SILVERADD,OTHER
SILVERAG,OTHER
SILVERBEES,OTHER
SILVERETF,OTHER
SILVERIETF,OTHER
SILVERTUC,OTHER
SIMPLEXINF,OTHER
SINCLAIR,OTHER
SINTERCOM,OTHER
SIRCA,OTHER
SIS,OTHER
SIYSIL,OTHER
SJS,OTHER
SJVN,OTHER
SKFINDIA,OTHER
SKIPPER,OTHER
SKMEGGPROD,OTHER
SKYGOLD,OTHER
SMARTLINK,OTHER
SMARTWORKS,OTHER
SMCGLOBAL,OTHER
SMLMAH,OTHER
SMLT,OTHER
SMSLIFE,OTHER
SMSPHARMA,OTHER
SOBHA,OTHER
SOFTTECH,OTHER
SOLARA,OTHER
SOLARINDS,OTHER
SOLARWORLD,OTHER
SOLEX,OTHER
SOMANYCERA,OTHER
SOMICONVEY,OTHER
SONACOMS,OTHER
SONATSOFTW,OTHER
SOTL,OTHER
SOUTHWEST,OTHER
SPAL,OTHER
SPANDANA,OTHER
SPARC,OTHER
SPECIALITY,OTHER
SPECTRUM,OTHER
SPIC,OTHER
SPLPETRO,OTHER
SPMLINFRA,OTHER
SPORTKING,OTHER
SREEL,OTHER
SRF,OTHER
SRGHFL,OTHER
SRHHYPOLTD,OTHER
SRM,OTHER
SSDL,OTHER
SSWL,OTHER
STANLEY,OTHER
STAR,OTHER
STARCEMENT,OTHER
STARHEALTH,OTHER
STARPAPER,OTHER
STARTECK,OTHER
STCINDIA,OTHER
STEELCAS,OTHER
STEELCITY,OTHER
STEL,OTHER
STERTOOLS,OTHER
STLTECH,OTHER
STOVEKRAFT,OTHER
STUDDS,OTHER
STYL,OTHER
STYLAMIND,OTHER
STYLEBAAZA,OTHER
STYRENIX,OTHER
SUBROS,OTHER
SUDARSCHEM,OTHER
SUKHJITS,OTHER
SULA,OTHER
SUMICHEM,OTHER
SUMIT,OTHER
SUMMITSEC,OTHER
SUNCLAY,OTHER
SUNDARMFIN,OTHER
SUNDRMBRAK,OTHER
SUNDRMFAST,OTHER
SUNDROP,OTHER
SUNFLAG,OTHER
SUNPHARMA,OTHER
SUNTECK,OTHER
SUNTV,OTHER
SUPERHOUSE,OTHER
SUPRAJIT,OTHER
SUPREME,OTHER
SUPREMEIND,OTHER
SUPRIYA,OTHER
SURAJEST,OTHER
SURAJLTD,OTHER
SURAKSHA,OTHER
SURYALAXMI,OTHER
SURYAROSNI,OTHER
SURYODAY,OTHER
SUVEN,OTHER
SUYOG,OTHER
SUZLON,OTHER
SVLL,OTHER
SWANCORP,OTHER
SWARAJENG,OTHER
SWELECTES,OTHER
SWIGGY,OTHER
SWSOLAR,OTHER
SYMPHONY,OTHER
SYNGENE,OTHER
SYRMA,OTHER
SYSTMTXC,OTHER
TAINWALCHM,OTHER
TAJGVK,OTHER
TALBROAUTO,OTHER
TANLA,OTHER
TARACHAND,OTHER
TARC,OTHER
TARIL,OTHER
TARMAT,OTHER
TARSONS,OTHER
TASTYBITE,OTHER
TATACAP,OTHER
TATACHEM,OTHER
TATACOMM,OTHER
TATACONSUM,OTHER
TATAELXSI,OTHER
TATAINVEST,OTHER
TATAPOWER,OTHER
TATASTEEL,OTHER
TATATECH,OTHER
TATVA,OTHER
TBOTEK,OTHER
TBZ,OTHER
TCI,OTHER
TCIEXP,OTHER
TCPLPACK,OTHER
TCS,OTHER
TDPOWERSYS,OTHER
TEAMGTY,OTHER
TEAMLEASE,OTHER
TECHM,OTHER
TECHNOE,OTHER
TEGA,OTHER
TEJASNET,OTHER
TEMBO,OTHER
TENNIND,OTHER
TEXINFRA,OTHER
TEXMOPIPES,OTHER
TEXRAIL,OTHER
TFCILTD,OTHER
THANGAMAYL,OTHER
THEINVEST,OTHER
THEJO,OTHER
THELEELA,OTHER
THEMISMED,OTHER
THERMAX,OTHER
THOMASCOOK,OTHER
THOMASCOTT,OTHER
THYROCARE,OTHER
TI,OTHER
TIIL,OTHER
TIINDIA,OTHER
TIL,OTHER
TIMETECHNO,OTHER
TIMKEN,OTHER
TINNARUBR,OTHER
TIPSFILMS,OTHER
TIPSMUSIC,OTHER
TIRUMALCHM,OTHER
TITAGARH,OTHER
TITAN,OTHER
TMB,OTHER
TMPV,OTHER
TNIDETF,OTHER
TNPETRO,OTHER
TNPL,OTHER
TOKYOPLAST,OTHER
TOLINS,OTHER
TOP10ADD,OTHER
TORNTPHARM,OTHER
TORNTPOWER,OTHER
TOTAL,OTHER
TOUCHWOOD,OTHER
TPLPLASTEH,OTHER
TRANSRAILL,OTHER
TRANSWORLD,OTHER
TRAVELFOOD,OTHER
TRENT,OTHER
TRF,OTHER
TRITURBINE,OTHER
TRIVENI,OTHER
TRUALT,OTHER
TSFINV,OTHER
TTKHLTCARE,OTHER
TTKPRESTIG,OTHER
TTML,OTHER
TVSELECT,OTHER
TVSHLTD,OTHER
TVSMOTOR,OTHER
TVSSCS,OTHER
TVSSRICHAK,OTHER
TVTODAY,OTHER
UBL,OTHER
UCAL,OTHER
UDS,OTHER
UFBL,OTHER
UFLEX,OTHER
UFO,OTHER
UGROCAP,OTHER
UJJIVANSFB,OTHER
ULTRACEMCO,OTHER
UMIYA-MRO,OTHER
UNICHEMLAB,OTHER
UNIDT,OTHER
UNIECOM,OTHER
UNIENTER,OTHER
UNIMECH,OTHER
UNIONBANK,OTHER
UNIONGOLD,OTHER
UNIPARTS,OTHER
UNITDSPR,OTHER
UNITEDTEA,OTHER
UNIVASTU,OTHER
UNIVCABLES,OTHER
UNIVPHOTO,OTHER
UNOMINDA,OTHER
UPL,OTHER
URAVIDEF,OTHER
URBANCO,OTHER
USHAMART,OTHER
UTIAMC,OTHER
UTIBANKETF,OTHER
UTINEXT50,OTHER
UTINIFTETF,OTHER
UTISENSETF,OTHER
UTISXN50,OTHER
UTTAMSUGAR,OTHER
V2RETAIL,OTHER
VADILALIND,OTHER
VAIBHAVGBL,OTHER
VALIANTLAB,OTHER
VALIANTORG,OTHER
VARROC,OTHER
VASCONEQ,OTHER
VASWANI,OTHER
VBL,OTHER
VEDL,OTHER
VEEDOL,OTHER
VENKEYS,OTHER
VENTIVE,OTHER
VENUSPIPES,OTHER
VENUSREM,OTHER
VERANDA,OTHER
VERTOZ,OTHER
VESUVIUS,OTHER
VETO,OTHER
VGUARD,OTHER
VIDHIING,OTHER
VIJAYA,OTHER
VIKRAMSOLR,OTHER
VIKRAN,OTHER
VIMTALABS,OTHER
VINATIORGA,OTHER
VINCOFE,OTHER
VINDHYATEL,OTHER
VINYLINDIA,OTHER
VIPIND,OTHER
VISAKAIND,OTHER
VISHNU,OTHER
VLSFINANCE,OTHER
VMART,OTHER
VMM,OTHER
VMSTMT,OTHER
VOLTAMP,OTHER
VOLTAS,OTHER
VPRPL,OTHER
VRAJ,OTHER
VRLLOG,OTHER
VSSL,OTHER
VSTIND,OTHER
VSTL,OTHER
VSTTILLERS,OTHER
VTL,OTHER
WAAREEENER,OTHER
WAAREERTL,OTHER
WABAG,OTHER
WALCHANNAG,OTHER
WANBURY,OTHER
WCIL,OTHER
WEALTH,OTHER
WEBELSOLAR,OTHER
WEIZMANIND,OTHER
WEL,OTHER
WELCORP,OTHER
WELENT,OTHER
WELINV,OTHER
WELSPUNLIV,OTHER
WENDT,OTHER
WESTLIFE,OTHER
WEWORK,OTHER
WHEELS,OTHER
WHIRLPOOL,OTHER
WINDLAS,OTHER
WINDMACHIN,OTHER
WIPL,OTHER
WIPRO,OTHER
WOCKPHARMA,OTHER
WONDERLA,OTHER
WORTHPERI,OTHER
WSI,OTHER
WSTCSTPAPR,OTHER
XCHANGING,OTHER
XPROINDIA,OTHER
YASHO,OTHER
YATHARTH,OTHER
YATRA,OTHER
YUKEN,OTHER
ZAGGLE,OTHER
ZEEL,OTHER
ZENITHEXPO,OTHER
ZENSARTECH,OTHER
ZENTEC,OTHER
ZFCVINDIA,OTHER
ZIMLAB,OTHER
ZODIAC,OTHER
ZODIACLOTH,OTHER
ZOTA,OTHER
ZUARI,OTHER
ZUARIIND,OTHER
ZYDUSLIFE,OTHER
ZYDUSWELL,OTHER
